eiendom,adresse,bydel,eier,bruksnavn,areal,kommune
0301-1/3/0/0,,,Eiendoms- og byfornyelsesetaten,,5560.1,
0301-10/1007/0/0,,,Eiendoms- og byfornyelsesetaten,Veigrunn,1655.6,
0301-10/1033/0/0,,,Eiendoms- og byfornyelsesetaten,,465.0,
0301-10/1042/0/0,,,Eiendoms- og byfornyelsesetaten,,1194.0,
0301-10/1049/0/0,,,Eiendoms- og byfornyelsesetaten,"Atkomst av uregistrert grunn, se merknad",305.7,
0301-10/1102/0/0,,,Eiendoms- og byfornyelsesetaten,Ikke tinglyst veigrunn,3779.6,
0301-10/1116/0/0,,,Eiendoms- og byfornyelsesetaten,Ikke tinglyst veigrunn,1241.0,
0301-10/1146/0/0,,,Eiendoms- og byfornyelsesetaten,Ikke tinglyst veigrunn,826.6,
0301-10/115/0/0,,,Eiendoms- og byfornyelsesetaten,Sponhugget,17887.6,
0301-10/1161/0/0,,,Eiendoms- og byfornyelsesetaten,Ikke tinglyst veigrunn,372.3,
0301-10/1167/0/0,,,Eiendoms- og byfornyelsesetaten,Ikke tinglyst veigrunn,11834.0,
0301-10/1197/0/0,,,Eiendoms- og byfornyelsesetaten,Ikke tinglyst veigrunn,826.5,
0301-10/1199/0/0,,,Oslobygg KF,Kommunaltekn.anlegg (atkomst),471.6,
0301-10/1200/0/0,,,Eiendoms- og byfornyelsesetaten,Ikke tinglyst veigrunn,1922.5,
0301-10/1203/0/0,,,Eiendoms- og byfornyelsesetaten,Ikke tinglyst veigrunn (se merknad),16816.0,
0301-10/1204/0/0,Lilleakerveien 60A,Ullern,Eiendoms- og byfornyelsesetaten,Idrettsplass – Øraker skole,10274.8,
0301-10/1205/0/0,,,Eiendoms- og byfornyelsesetaten,Ikke tinglyst veigrunn,56.5,
0301-10/1206/0/0,,,Eiendoms- og byfornyelsesetaten,Ikke tinglyst veigrunn,689.3,
0301-10/1207/0/0,,,Eiendoms- og byfornyelsesetaten,Ikke tinglyst veigrunn,986.4,
0301-10/1210/0/0,,,Eiendoms- og byfornyelsesetaten,Ikke tinglyst veigrunn Jonas Dahls vei,1841.7,
0301-10/1211/0/0,,,Eiendoms- og byfornyelsesetaten,Ikke tinglyst veigrunn,434.3,
0301-10/1212/0/0,,,Eiendoms- og byfornyelsesetaten,Ikke tinglyst veigrunn,3450.1,
0301-10/1228/0/0,,,Eiendoms- og byfornyelsesetaten,,797.5999999999999,
0301-10/1240/0/0,,,Eiendoms- og byfornyelsesetaten,Ikke tinglyst veigrunn,21376.1,
0301-10/1241/0/0,,,Eiendoms- og byfornyelsesetaten,,12086.4,
0301-10/1243/0/0,,,Eiendoms- og byfornyelsesetaten,,789.4,
0301-10/1253/0/0,,,Eiendoms- og byfornyelsesetaten,,,
0301-10/23/0/0,,,Eiendoms- og byfornyelsesetaten,Lille Aker,1443.6,
0301-10/269/0/0,,,Eiendoms- og byfornyelsesetaten,,211.2,
0301-10/350/0/0,,,Eiendoms- og byfornyelsesetaten,,144.9,
0301-10/433/0/0,,,Eiendoms- og byfornyelsesetaten,Hartmanns vei,72.0,
0301-10/435/0/0,,,Eiendoms- og byfornyelsesetaten,Hartmanns vei,65.2,
0301-10/436/0/0,,,Eiendoms- og byfornyelsesetaten,Hartmanns vei,128.2,
0301-10/454/0/0,,,Eiendoms- og byfornyelsesetaten,Veigrunn,136.4,
0301-10/465/0/0,,,Eiendoms- og byfornyelsesetaten,Veigrunn,109.3,
0301-10/473/0/0,,,Eiendoms- og byfornyelsesetaten,Veigrunn,134.5,
0301-10/483/0/0,,,Eiendoms- og byfornyelsesetaten,Grunn mellom regv. og ny Bærumsb.,342.9,
0301-10/484/0/0,,,Eiendoms- og byfornyelsesetaten,Grunn mellom regv. og ny Bærumsb.,2164.5,
0301-10/485/0/0,,,Eiendoms- og byfornyelsesetaten,Grunn mellom regv. og ny Bærumsb.,599.3,
0301-10/486/0/0,,,Eiendoms- og byfornyelsesetaten,Grunn mellom regv. og ny Bærumsb.,1407.9,
0301-10/543/0/0,,,Eiendoms- og byfornyelsesetaten,Grunn mellom regv. og ny Bærumsb.,1457.6,
0301-10/544/0/0,,,Eiendoms- og byfornyelsesetaten,Grunn mellom regv. og ny Bærumsb.,111.6,
0301-10/561/0/0,,,Eiendoms- og byfornyelsesetaten,,22366.3,
0301-10/602/0/0,,,Eiendoms- og byfornyelsesetaten,,26729.5,
0301-10/67/0/0,,,Eiendoms- og byfornyelsesetaten,,15091.6,
0301-10/755/0/0,,,Eiendoms- og byfornyelsesetaten,,1419.8,
0301-10/795/0/0,,,Eiendoms- og byfornyelsesetaten,,307.2,
0301-10/950/0/0,,,Eiendoms- og byfornyelsesetaten,Veigrunn,1050.0,
0301-10/963/0/0,,,Eiendoms- og byfornyelsesetaten,Turvei A 1,18029.8,
0301-10/971/0/0,,,Eiendoms- og byfornyelsesetaten,Veigrunn,1481.6,
0301-10/983/0/0,,,Eiendoms- og byfornyelsesetaten,Veigrunn,297.6,
0301-10/991/0/0,,,Eiendoms- og byfornyelsesetaten,Veigrunn,1306.0,
0301-102/424/0/0,,,Eiendoms- og byfornyelsesetaten,,,
0301-102/447/0/0,,,Eiendoms- og byfornyelsesetaten,,,
0301-104/6/0/0,,,Eiendoms- og byfornyelsesetaten,"Sandvolden. Veigrunn, se merknad",,
0301-105/188/0/0,,,Eiendoms- og byfornyelsesetaten,,,
0301-107/826/0/0,,,Eiendoms- og byfornyelsesetaten,,7542.6,
0301-107/836/0/0,Harald Sohlbergs vei 17,Alna,Oslobygg KF,Ellingsrudåsen skole,17693.0,
0301-107/854/0/0,Harald Sohlbergs vei 10,Alna,Oslobygg KF,Karihaugen barnehage,3800.7,
0301-107/937/0/0,Harald Sohlbergs vei 21,Alna,Oslobygg KF,,5273.8,
0301-109/3/0/0,,,Eiendoms- og byfornyelsesetaten,Nuggerud,,
0301-109/4/0/0,Rustadsaga 884,Marka,Eiendoms- og byfornyelsesetaten,Elvågen,15921273.3,
0301-109/6/0/0,,,Eiendoms- og byfornyelsesetaten,Ikke målt,100.0,
0301-11/1/0/0,,,Eiendoms- og byfornyelsesetaten,Luggerud,14597.9,
0301-11/109/0/0,,,Eiendoms- og byfornyelsesetaten,,1766.7,
0301-11/192/0/0,,,Eiendoms- og byfornyelsesetaten,Parsell 41,1081.7,
0301-11/197/0/0,,,Eiendoms- og byfornyelsesetaten,,188.5,
0301-11/203/0/0,,,Eiendoms- og byfornyelsesetaten,Parsell 38,2319.0,
0301-11/204/0/0,,,Eiendoms- og byfornyelsesetaten,Parsell 39,1800.7,
0301-11/208/0/0,,,Eiendoms- og byfornyelsesetaten,,545.1,
0301-11/216/0/0,,,Eiendoms- og byfornyelsesetaten,,39115.9,
0301-11/324/0/0,,,Eiendoms- og byfornyelsesetaten,Ikke tinglyst veigrunn,930.1,
0301-11/406/0/0,,,Eiendoms- og byfornyelsesetaten,,2165.6,
0301-11/42/0/0,,,Eiendoms- og byfornyelsesetaten,Frøtvedt,12309.1,
0301-11/432/0/0,,,Eiendoms- og byfornyelsesetaten,Turvei a 4,37.1,
0301-11/599/0/0,,,Eiendoms- og byfornyelsesetaten,,1924.8,
0301-11/600/0/0,,,Eiendoms- og byfornyelsesetaten,Uregistrert grunn,767.9,
0301-11/612/0/0,,,Eiendoms- og byfornyelsesetaten,,3517.9,
0301-112/24/0/0,,,Eiendoms- og byfornyelsesetaten,,,
0301-112/27/0/0,,,Eiendoms- og byfornyelsesetaten,,,
0301-114/23/0/0,,,Eiendoms- og byfornyelsesetaten,,,
0301-12/16/0/0,,,Eiendoms- og byfornyelsesetaten,,14725.5,
0301-12/236/0/0,,,Eiendoms- og byfornyelsesetaten,,515.3,
0301-12/299/0/0,,,Eiendoms- og byfornyelsesetaten,Parsell 250,1218.6,
0301-12/631/0/0,,,Eiendoms- og byfornyelsesetaten,,1520.0,
0301-12/632/0/0,,,Eiendoms- og byfornyelsesetaten,,2954.1,
0301-12/635/0/0,,,Eiendoms- og byfornyelsesetaten,,232.0,
0301-12/638/0/0,,,Eiendoms- og byfornyelsesetaten,,13961.6,
0301-12/748/0/0,,,Eiendoms- og byfornyelsesetaten,Ikke tinglyst veigrunn,856.5,
0301-12/758/0/0,,,Eiendoms- og byfornyelsesetaten,Ikke tinglyst veigrunn,291.4,
0301-12/778/0/0,,,Eiendoms- og byfornyelsesetaten,"Veigrunn, kun registrert i GAB",911.5,
0301-12/779/0/0,,,Eiendoms- og byfornyelsesetaten,"Veigrunn, kun registrert i GAB",5132.2,
0301-12/785/0/0,,,Eiendoms- og byfornyelsesetaten,Ikke tinglyst veigrunn,976.5,
0301-12/787/0/0,,,Eiendoms- og byfornyelsesetaten,,541.6,
0301-120/13/0/0,,,Eiendoms- og byfornyelsesetaten,,,
0301-122/19/0/0,,,Eiendoms- og byfornyelsesetaten,Ikke målt,,
0301-122/25/0/0,,,Eiendoms- og byfornyelsesetaten,,,
0301-122/369/0/0,,,Eiendoms- og byfornyelsesetaten,,,
0301-122/503/0/0,,,Eiendoms- og byfornyelsesetaten,,,
0301-122/509/0/0,,,Eiendoms- og byfornyelsesetaten,,,
0301-124/311/0/0,,,Eiendoms- og byfornyelsesetaten,,,
0301-126/95/0/0,,,Eiendoms- og byfornyelsesetaten,,,
0301-126/96/0/0,,,Eiendoms- og byfornyelsesetaten,,,
0301-126/97/0/0,,,Eiendoms- og byfornyelsesetaten,,,
0301-127/11/0/0,,,Eiendoms- og byfornyelsesetaten,,,
0301-127/67/0/0,,,Eiendoms- og byfornyelsesetaten,,,
0301-129/123/0/0,Malerhaugveien 20G,Gamle Oslo,Eiendoms- og byfornyelsesetaten,,,
0301-13/11/0/0,,,Eiendoms- og byfornyelsesetaten,,289202.9,
0301-13/20/0/0,,,Eiendoms- og byfornyelsesetaten,,67624.9,
0301-13/30/0/0,,,Eiendoms- og byfornyelsesetaten,,96632.1,
0301-13/47/0/0,,,Eiendoms- og byfornyelsesetaten,,40526.9,
0301-13/5/0/0,Sørkedalsveien 720,Marka,Eiendoms- og byfornyelsesetaten,Storbråten,10.1,
0301-13/51/0/0,,,Eiendoms- og byfornyelsesetaten,Ikke tinglyst veigrunn,190.7,
0301-13/57/0/0,,,Eiendoms- og byfornyelsesetaten,,143271.6,
0301-13/58/0/0,,,Eiendoms- og byfornyelsesetaten,,7118.9,
0301-131/121/0/0,,,Eiendoms- og byfornyelsesetaten,,,
0301-131/31/0/0,,,Eiendoms- og byfornyelsesetaten,,,
0301-133/48/0/0,,,Eiendoms- og byfornyelsesetaten,Ikke tinglyst sporveisområde,,
0301-137/6/0/0,,,Eiendoms- og byfornyelsesetaten,Ikke målt,,
0301-138/16/0/0,,,Eiendoms- og byfornyelsesetaten,,,
0301-140/120/0/0,,,Eiendoms- og byfornyelsesetaten,,,
0301-140/165/0/0,,,Eiendoms- og byfornyelsesetaten,,,
0301-141/26/0/0,,,Eiendoms- og byfornyelsesetaten,,,
0301-144/692/0/0,,,Eiendoms- og byfornyelsesetaten,,,
0301-146/557/0/0,,,Eiendoms- og byfornyelsesetaten,,,
0301-147/54/0/0,,,Eiendoms- og byfornyelsesetaten,,,
0301-148/503/0/0,,,Eiendoms- og byfornyelsesetaten,Ikke tinglyst veigrunn,,
0301-149/329/0/0,,,Eiendoms- og byfornyelsesetaten,,,
0301-149/429/0/0,,,Eiendoms- og byfornyelsesetaten,,,
0301-149/958/0/0,,,Eiendoms- og byfornyelsesetaten,Ikke tinglyst veigrunn,,
0301-15/5/0/0,,,Eiendoms- og byfornyelsesetaten,Ikke tinglyst veigrunn(busslomme),58.2,
0301-150/107/0/0,,,Eiendoms- og byfornyelsesetaten,,,
0301-151/281/0/0,,,Eiendoms- og byfornyelsesetaten,,,
0301-154/24/0/0,,,Eiendoms- og byfornyelsesetaten,Ikke målt,,
0301-157/214/0/0,,,Eiendoms- og byfornyelsesetaten,Ikke målt,,
0301-159/360/0/0,,,Boligbygg Oslo KF,Felles areal,146.0,
0301-16/13/0/0,,,Eiendoms- og byfornyelsesetaten,Veigrunn,139.1,
0301-16/14/0/0,,,Eiendoms- og byfornyelsesetaten,,94.5,
0301-16/18/0/0,,,Eiendoms- og byfornyelsesetaten,Ikke tinglyst veigrunn,157.7,
0301-162/286/0/0,,,Eiendoms- og byfornyelsesetaten,,,
0301-166/3/0/0,,,Eiendoms- og byfornyelsesetaten,Sarabråten,,
0301-168/31/0/0,,,Eiendoms- og byfornyelsesetaten,,,
0301-168/5/0/0,,,Eiendoms- og byfornyelsesetaten,Skulerud skog,,
0301-171/6/0/0,,,Eiendoms- og byfornyelsesetaten,Langbråten,,
0301-174/4/0/0,,,Eiendoms- og byfornyelsesetaten,Sandbakken,,
0301-177/5/0/0,,,Eiendoms- og byfornyelsesetaten,,,
0301-180/606/0/44,,,Eiendoms- og byfornyelsesetaten,,,
0301-180/606/0/59,,,Eiendoms- og byfornyelsesetaten,,,
0301-180/606/0/68,,,Eiendoms- og byfornyelsesetaten,,,
0301-182/344/0/0,,,Eiendoms- og byfornyelsesetaten,Veigrunn,,
0301-182/652/0/0,,,Eiendoms- og byfornyelsesetaten,,,
0301-182/725/0/0,,,Eiendoms- og byfornyelsesetaten,Se merkn.,,
0301-182/727/0/0,,,Eiendoms- og byfornyelsesetaten,Se merkn.,,
0301-182/728/0/0,,,Eiendoms- og byfornyelsesetaten,Se merkn.,,
0301-182/729/0/0,,,Eiendoms- og byfornyelsesetaten,Se merkn.,,
0301-182/936/0/0,,,Eiendoms- og byfornyelsesetaten,,,
0301-182/953/0/0,,,Eiendoms- og byfornyelsesetaten,,,
0301-182/957/0/0,,,Eiendoms- og byfornyelsesetaten,,,
0301-191/171/0/0,,,Eiendoms- og byfornyelsesetaten,Ikke tinglyst veigrunn,,
0301-194/49/0/0,,,Eiendoms- og byfornyelsesetaten,Strandlinje,,
0301-194/938/0/0,,,Boligbygg Oslo KF,,202.9,
0301-196/11/0/0,,,Eiendoms- og byfornyelsesetaten,Ikke målt,98467.7,
0301-196/12/0/0,,,Eiendoms- og byfornyelsesetaten,Ikke målt,98467.7,
0301-196/3/0/0,Malmøykalven,Nordstrand,Eiendoms- og byfornyelsesetaten,,,
0301-196/66/0/0,,,Eiendoms- og byfornyelsesetaten,"Skjær , tilhører 196/31 – ikke mål",,
0301-197/216/0/0,,,Eiendoms- og byfornyelsesetaten,,,
0301-197/218/0/0,,,Eiendoms- og byfornyelsesetaten,,,
0301-197/358/0/0,,,Eiendoms- og byfornyelsesetaten,,,
0301-197/95/0/0,,,Eiendoms- og byfornyelsesetaten,,1396.6,
0301-2/1160/0/0,,,Eiendoms- og byfornyelsesetaten,,1169.6,
0301-2/1189/0/0,,,Eiendoms- og byfornyelsesetaten,,3874.3,
0301-2/1235/0/0,,,Eiendoms- og byfornyelsesetaten,Ikke tinglyst veigrunn,273.7,
0301-2/1236/0/0,,,Eiendoms- og byfornyelsesetaten,Felles avkjørsel av ureg.gr.,456.6,
0301-2/1237/0/0,,,Eiendoms- og byfornyelsesetaten,Felles gangvei. Av ureg.gr.,110.0,
0301-2/1290/0/0,,,Eiendoms- og byfornyelsesetaten,,3157.3,
0301-2/1293/0/0,,,Eiendoms- og byfornyelsesetaten,,,
0301-2/218/0/0,,,Eiendoms- og byfornyelsesetaten,,3464.6,
0301-2/46/0/0,,,Eiendoms- og byfornyelsesetaten,Triangelen,293.8,
0301-2/58/0/0,,,Eiendoms- og byfornyelsesetaten,Veigrunn,,
0301-2/583/0/0,,,Eiendoms- og byfornyelsesetaten,,548.4,
0301-2/620/0/0,,,Eiendoms- og byfornyelsesetaten,Veigrunn,44.2,
0301-2/622/0/0,,,Eiendoms- og byfornyelsesetaten,Veigrunn,452.4,
0301-2/667/0/0,,,Eiendoms- og byfornyelsesetaten,,1201.5,
0301-2/670/0/0,,,Eiendoms- og byfornyelsesetaten,Veigrunn dronninghavnveien,468.0,
0301-2/671/0/0,,,Eiendoms- og byfornyelsesetaten,Veigrunn dronninghavnveien,231.0,
0301-2/672/0/0,,,Eiendoms- og byfornyelsesetaten,Veigrunn dronninghavnveien,237.1,
0301-2/673/0/0,,,Eiendoms- og byfornyelsesetaten,Veigrunn dronninghavnveien,233.4,
0301-2/674/0/0,,,Eiendoms- og byfornyelsesetaten,Veigrunn dronninghavnveien,1017.5,
0301-2/676/0/0,,,Eiendoms- og byfornyelsesetaten,Veigrunn dronninghavnveien,8.7,
0301-2/677/0/0,,,Eiendoms- og byfornyelsesetaten,Veigrunn dronninghavnveien,277.6,
0301-2/678/0/0,,,Eiendoms- og byfornyelsesetaten,Veigrunn dronninghavnveien,44.2,
0301-2/679/0/0,,,Eiendoms- og byfornyelsesetaten,Veigrunn dronninghavnveien,351.8,
0301-2/681/0/0,,,Eiendoms- og byfornyelsesetaten,Veigrunn dronninghavnveien,563.5,
0301-2/731/0/0,,,Eiendoms- og byfornyelsesetaten,Park,5756.6,
0301-2/91/0/0,,,Eiendoms- og byfornyelsesetaten,Løkenløkken,2858.8,
0301-2/970/0/0,,,Eiendoms- og byfornyelsesetaten,,3692.9,
0301-2/99/0/0,,,Eiendoms- og byfornyelsesetaten,Herbern,29609.0,
0301-207/169/0/0,,,Eiendoms- og byfornyelsesetaten,,,
0301-207/170/0/0,,,Eiendoms- og byfornyelsesetaten,,,
0301-208/439/0/0,,,Eiendoms- og byfornyelsesetaten,,,
0301-208/548/0/0,,,Eiendoms- og byfornyelsesetaten,,,
0301-208/783/0/0,,,Eiendoms- og byfornyelsesetaten,,,
0301-208/977/0/0,Osterhaus' gate 22,St. Hanshaugen,Boligbygg Oslo KF,,594.1,
0301-209/321/0/0,,,Eiendoms- og byfornyelsesetaten,,,
0301-209/322/0/0,,,Eiendoms- og byfornyelsesetaten,,,
0301-209/377/0/0,,,Eiendoms- og byfornyelsesetaten,,,
0301-213/33/0/0,,,Eiendoms- og byfornyelsesetaten,,,
0301-213/454/0/0,,,Eiendoms- og byfornyelsesetaten,,,
0301-213/74/0/0,,,Eiendoms- og byfornyelsesetaten,,,
0301-214/389/0/0,,,Eiendoms- og byfornyelsesetaten,,,
0301-214/468/0/0,,,Eiendoms- og byfornyelsesetaten,Ikke tinglyst veigrunn,,
0301-215/248/0/0,,,Eiendoms- og byfornyelsesetaten,,,
0301-215/44/0/0,,,Eiendoms- og byfornyelsesetaten,,,
0301-216/166/0/0,,,Eiendoms- og byfornyelsesetaten,,,
0301-216/267/0/0,,,Eiendoms- og byfornyelsesetaten,,,
0301-216/82/0/0,,,Eiendoms- og byfornyelsesetaten,Tidl. Adr. Kirkeveien 91,,
0301-217/528/0/0,,,Eiendoms- og byfornyelsesetaten,,,
0301-219/200/0/0,,,Eiendoms- og byfornyelsesetaten,Vann- og fallretigheter,,
0301-219/23/0/0,,,Boligbygg Oslo KF,,2247.4,
0301-219/300/0/0,,,Eiendoms- og byfornyelsesetaten,Veigrunn vøyensvingen,,
0301-219/50/0/0,,,Boligbygg Oslo KF,,1306.4,
0301-221/186/0/0,,,Eiendoms- og byfornyelsesetaten,,,
0301-221/276/0/0,,,Eiendoms- og byfornyelsesetaten,Del av maridalsveien,,
0301-221/58/0/0,,,Eiendoms- og byfornyelsesetaten,,,
0301-222/40/0/0,,,Boligbygg Oslo KF,,206.3,
0301-222/6/0/0,,,Eiendoms- og byfornyelsesetaten,Ikke målt,,
0301-223/25/0/0,,,Boligbygg Oslo KF,,2784.7,
0301-224/185/0/0,,,Eiendoms- og byfornyelsesetaten,,,
0301-224/346/0/0,,,Eiendoms- og byfornyelsesetaten,Vann og fallrettigh.akerselva,,
0301-225/306/0/0,,,Eiendoms- og byfornyelsesetaten,,,
0301-225/32/0/0,,,Eiendoms- og byfornyelsesetaten,Ikke målt,,
0301-225/376/0/0,,,Eiendoms- og byfornyelsesetaten,,,
0301-225/414/0/0,,,Eiendoms- og byfornyelsesetaten,Vann og fallrettigheter,,
0301-228/22/0/0,,,Eiendoms- og byfornyelsesetaten,Ikke målt,,
0301-228/47/0/0,,,Eiendoms- og byfornyelsesetaten,Ikke målt,,
0301-230/310/0/0,,,Eiendoms- og byfornyelsesetaten,,,
0301-230/487/0/0,Heimdalsgata 17,Gamle Oslo,Eiendoms- og byfornyelsesetaten,,,
0301-231/142/0/0,,,Eiendoms- og byfornyelsesetaten,Tidl. Adr. Gruegata 19,,
0301-231/144/0/0,,,Eiendoms- og byfornyelsesetaten,Tidl. Adr. Gruegata 21,,
0301-231/521/0/0,,,Eiendoms- og byfornyelsesetaten,,,
0301-231/645/0/0,,,Eiendoms- og byfornyelsesetaten,,,
0301-231/649/0/0,,,Eiendoms- og byfornyelsesetaten,,,
0301-233/169/0/0,,,Eiendoms- og byfornyelsesetaten,,,
0301-233/176/0/0,,,Eiendoms- og byfornyelsesetaten,,,
0301-233/178/0/0,,,Eiendoms- og byfornyelsesetaten,,,
0301-233/301/0/0,,,Eiendoms- og byfornyelsesetaten,,,
0301-234/52/0/0,,,Eiendoms- og byfornyelsesetaten,,,
0301-234/53/0/0,,,Eiendoms- og byfornyelsesetaten,,,
0301-236/76/0/0,,,Eiendoms- og byfornyelsesetaten,,,
0301-236/9/0/0,,,Eiendoms- og byfornyelsesetaten,,,
0301-24/18/0/0,,,Eiendoms- og byfornyelsesetaten,,881.4,
0301-24/7/0/0,,,Eiendoms- og byfornyelsesetaten,,86671.6,
0301-27/1039/0/0,,,Eiendoms- og byfornyelsesetaten,,6595.0,
0301-27/1124/0/0,,,Eiendoms- og byfornyelsesetaten,Parkareal,2818.9,
0301-27/1126/0/0,,,Eiendoms- og byfornyelsesetaten,Veigrunn,305.2,
0301-27/1137/0/0,,,Eiendoms- og byfornyelsesetaten,,5745.7,
0301-27/1258/0/0,,,Eiendoms- og byfornyelsesetaten,,4842.5,
0301-27/1261/0/0,,,Oslobygg KF,,373.4,
0301-27/1327/0/0,,,Eiendoms- og byfornyelsesetaten,Gravlund- voksen kirkegård,93763.1,
0301-27/1328/0/0,,,Eiendoms- og byfornyelsesetaten,Gravlund,52655.4,
0301-27/1329/0/0,,,Eiendoms- og byfornyelsesetaten,,2329.7,
0301-27/1436/0/0,,,Eiendoms- og byfornyelsesetaten,,79423.5,
0301-27/1471/0/0,,,Boligbygg Oslo KF,,1902.5,
0301-27/1493/0/0,,,Eiendoms- og byfornyelsesetaten,,43495.2,
0301-27/1570/0/0,,,Eiendoms- og byfornyelsesetaten,,123.2,
0301-27/1571/0/0,,,Eiendoms- og byfornyelsesetaten,,29.7,
0301-27/1937/0/0,,,Eiendoms- og byfornyelsesetaten,,721.1,
0301-27/2080/0/0,,,Eiendoms- og byfornyelsesetaten,,29590.8,
0301-27/2109/0/0,,,Eiendoms- og byfornyelsesetaten,,4068.8,
0301-27/2111/0/0,,,Eiendoms- og byfornyelsesetaten,,4612.2,
0301-27/2114/0/0,,,Eiendoms- og byfornyelsesetaten,Veigrunn,2003.7,
0301-27/2115/0/0,,,Eiendoms- og byfornyelsesetaten,,,
0301-27/2245/0/0,,,Eiendoms- og byfornyelsesetaten,,11533.6,
0301-27/2246/0/0,,,Eiendoms- og byfornyelsesetaten,,25661.3,
0301-27/2263/0/0,,,Eiendoms- og byfornyelsesetaten,,14269.5,
0301-27/2264/0/0,,,Eiendoms- og byfornyelsesetaten,,5990.5,
0301-27/2285/0/0,,,Eiendoms- og byfornyelsesetaten,Ikke tinglyst veigrunn,1013.6,
0301-27/2360/0/0,,,Eiendoms- og byfornyelsesetaten,,2637.1,
0301-27/2428/0/0,,,Eiendoms- og byfornyelsesetaten,Veigrunn,96.6,
0301-27/2635/0/0,,,Eiendoms- og byfornyelsesetaten,Ikke tinglyst veigrunn,1398.0,
0301-27/2636/0/0,,,Eiendoms- og byfornyelsesetaten,Ikke tinglyst veigrunn,8704.0,
0301-27/2686/0/0,,,Oslobygg KF,Idr.plass,8472.9,
0301-27/2687/0/0,,,Eiendoms- og byfornyelsesetaten,Ikke tinglyst veigrunn,1893.4,
0301-27/2688/0/0,,,Eiendoms- og byfornyelsesetaten,Ikke tinglyst veigrunn,1514.6,
0301-27/2734/0/0,,,Eiendoms- og byfornyelsesetaten,Friområde-park/lek,1106.2,
0301-27/2743/0/0,,,Eiendoms- og byfornyelsesetaten,,202.0,
0301-27/2744/0/0,,,Eiendoms- og byfornyelsesetaten,,505.5,
0301-27/2767/0/0,,,Eiendoms- og byfornyelsesetaten,Ikke tinglyst veigrunn,54.7,
0301-27/2784/0/0,,,Eiendoms- og byfornyelsesetaten,,208.9,
0301-27/2786/0/0,,,Eiendoms- og byfornyelsesetaten,,258.5,
0301-27/331/0/0,,,Eiendoms- og byfornyelsesetaten,Holmendannen østre del,24998.8,
0301-27/343/0/0,,,Eiendoms- og byfornyelsesetaten,Veigrunn,2434.2,
0301-27/344/0/0,,,Eiendoms- og byfornyelsesetaten,Veigrunn,188.9,
0301-27/345/0/0,,,Eiendoms- og byfornyelsesetaten,Veigrunn,882.9,
0301-27/374/0/0,,,Eiendoms- og byfornyelsesetaten,,762.9,
0301-27/375/0/0,,,Eiendoms- og byfornyelsesetaten,,13629.9,
0301-27/376/0/0,,,Eiendoms- og byfornyelsesetaten,,21845.7,
0301-27/384/0/0,,,Eiendoms- og byfornyelsesetaten,Elverhøi,421.0,
0301-27/51/0/0,,,Eiendoms- og byfornyelsesetaten,,1957.6,
0301-27/594/0/0,,,Eiendoms- og byfornyelsesetaten,,873.5,
0301-27/642/0/0,,,Eiendoms- og byfornyelsesetaten,Parsell 29,1507.7,
0301-27/674/0/0,,,Eiendoms- og byfornyelsesetaten,,343.9,
0301-27/705/0/0,,,Eiendoms- og byfornyelsesetaten,,86951.1,
0301-27/716/0/0,,,Eiendoms- og byfornyelsesetaten,Veigrunn,,
0301-27/934/0/0,,,Eiendoms- og byfornyelsesetaten,Parkareal,18145.2,
0301-27/988/0/0,,,Eiendoms- og byfornyelsesetaten,Lekeplass,1597.2,
0301-28/1010/0/0,,,Eiendoms- og byfornyelsesetaten,,264.2,
0301-28/1020/0/0,,,Eiendoms- og byfornyelsesetaten,Barnehage,1830.5,
0301-28/115/0/0,,,Eiendoms- og byfornyelsesetaten,,502.7,
0301-28/1195/0/0,,,Eiendoms- og byfornyelsesetaten,Ikke tinglyst veigrunn,8829.2,
0301-28/1196/0/0,,,Eiendoms- og byfornyelsesetaten,Atkomst / gangvei.,1726.8,
0301-28/1207/0/0,,,Eiendoms- og byfornyelsesetaten,Ikke tinglyst veigrunn,2956.8,
0301-28/1222/0/0,,,Eiendoms- og byfornyelsesetaten,Veigrunn (frits kjærs vei),209.4,
0301-28/1226/0/0,,,Eiendoms- og byfornyelsesetaten,Ikke tinglyst veigrunn,3759.0,
0301-28/1227/0/0,,,Eiendoms- og byfornyelsesetaten,Ikke tinglyst veigrunn,2119.4,
0301-28/1228/0/0,,,Eiendoms- og byfornyelsesetaten,,332.0,
0301-28/1231/0/0,,,Eiendoms- og byfornyelsesetaten,Ikke tinglyst veigrunn,687.5,
0301-28/1232/0/0,,,Eiendoms- og byfornyelsesetaten,Ikke tinglyst veigrunn,2702.1,
0301-28/1235/0/0,,Ullern,Oslobygg KF,,,
0301-28/1236/0/0,,Ullern,Oslobygg KF,,,
0301-28/1238/0/0,,,Eiendoms- og byfornyelsesetaten,Ikke tinglyst veigrunn,459.0,
0301-28/1239/0/0,,,Eiendoms- og byfornyelsesetaten,Ikke tinglyst veigrunn,2270.3,
0301-28/1240/0/0,,,Eiendoms- og byfornyelsesetaten,,31.0,
0301-28/1241/0/0,,,Eiendoms- og byfornyelsesetaten,"Veigrunn, kun registrert i GAB",4408.8,
0301-28/1242/0/0,,,Eiendoms- og byfornyelsesetaten,"Veigrunn, kun registrert i GAB",20.6,
0301-28/1244/0/0,,,Eiendoms- og byfornyelsesetaten,Ikke tinglyst veigrunn,136.7,
0301-28/1248/0/0,,,Eiendoms- og byfornyelsesetaten,Ikke tinglyst veigrunn,1599.4,
0301-28/1276/0/0,,,Eiendoms- og byfornyelsesetaten,,3997.6,
0301-28/290/0/0,,,Eiendoms- og byfornyelsesetaten,St.p.29-29 (2002-414),11832.7,
0301-28/319/0/0,,,Eiendoms- og byfornyelsesetaten,,134.2,
0301-28/341/0/0,,,Eiendoms- og byfornyelsesetaten,,209.3,
0301-28/344/0/0,,,Eiendoms- og byfornyelsesetaten,,2656.5,
0301-28/345/0/0,,,Eiendoms- og byfornyelsesetaten,,5870.5,
0301-28/364/0/0,,,Eiendoms- og byfornyelsesetaten,,6.5,
0301-28/427/0/0,,,Eiendoms- og byfornyelsesetaten,,14791.0,
0301-28/428/0/0,,,Eiendoms- og byfornyelsesetaten,,1332.8,
0301-28/429/0/0,,,Eiendoms- og byfornyelsesetaten,,8797.0,
0301-28/430/0/0,,,Eiendoms- og byfornyelsesetaten,,,
0301-28/432/0/0,,,Eiendoms- og byfornyelsesetaten,Målt sammen med 28/433.,1902.7,
0301-28/434/0/0,,,Eiendoms- og byfornyelsesetaten,,2533.9,
0301-28/435/0/0,,,Eiendoms- og byfornyelsesetaten,,8163.5,
0301-28/437/0/0,,,Eiendoms- og byfornyelsesetaten,,23299.2,
0301-28/439/0/0,,,Eiendoms- og byfornyelsesetaten,,1859.7,
0301-28/590/0/0,,,Eiendoms- og byfornyelsesetaten,,438.9,
0301-28/632/0/0,,,Eiendoms- og byfornyelsesetaten,,4362.3,
0301-28/633/0/0,,,Eiendoms- og byfornyelsesetaten,,1554.6,
0301-28/664/0/0,,,Eiendoms- og byfornyelsesetaten,,407.0,
0301-28/802/0/0,,,Eiendoms- og byfornyelsesetaten,,9182.900000000001,
0301-28/816/0/0,,,Eiendoms- og byfornyelsesetaten,,15922.1,
0301-28/818/0/0,,,Eiendoms- og byfornyelsesetaten,,5166.099999999999,
0301-28/87/0/0,,,Eiendoms- og byfornyelsesetaten,,5343.1,
0301-28/934/0/0,,,Eiendoms- og byfornyelsesetaten,,1349.4,
0301-28/959/0/0,,,Eiendoms- og byfornyelsesetaten,,287.6,
0301-28/960/0/0,,,Eiendoms- og byfornyelsesetaten,,442.4,
0301-29/173/0/0,,,Eiendoms- og byfornyelsesetaten,,2949.6,
0301-29/306/0/0,,,Eiendoms- og byfornyelsesetaten,,3271.7,
0301-29/307/0/0,,,Eiendoms- og byfornyelsesetaten,,1151.1,
0301-29/426/0/0,,,Eiendoms- og byfornyelsesetaten,,27849.4,
0301-29/446/0/0,,,Eiendoms- og byfornyelsesetaten,,2029.3,
0301-29/488/0/0,,,Eiendoms- og byfornyelsesetaten,,587.8,
0301-29/557/0/0,,,Eiendoms- og byfornyelsesetaten,,466.9,
0301-29/559/0/0,,,Eiendoms- og byfornyelsesetaten,,34134.1,
0301-29/562/0/0,,,Eiendoms- og byfornyelsesetaten,Fellesareal.,730.7,
0301-29/62/0/0,,,Eiendoms- og byfornyelsesetaten,Stor prot.29-25 (2002),1695.4,
0301-29/630/0/0,,,Eiendoms- og byfornyelsesetaten,Ikke tinglyst veigrunn,5309.6,
0301-29/698/0/0,,,Eiendoms- og byfornyelsesetaten,"Veigrunn, kun registrert i GAB",418.5,
0301-29/778/0/0,,,Eiendoms- og byfornyelsesetaten,Ikke tinglyst veigrunn,4150.0,
0301-29/786/0/0,,,Eiendoms- og byfornyelsesetaten,Ikke tgl veigr. Areal se merkn,6094.1,
0301-29/787/0/0,,,Eiendoms- og byfornyelsesetaten,Ikke tinglyst veigrunn,330.3,
0301-29/793/0/0,,,Eiendoms- og byfornyelsesetaten,Ikke tinglyst veigrunn,218.0,
0301-29/803/0/0,,,Eiendoms- og byfornyelsesetaten,Ikke tinglyst veigrunn,296.5,
0301-29/806/0/0,,,Eiendoms- og byfornyelsesetaten,,3408.9,
0301-29/808/0/0,,,Eiendoms- og byfornyelsesetaten,Ikke tinglyst veigrunn,7372.3,
0301-29/816/0/0,,,Eiendoms- og byfornyelsesetaten,Ikke tinglyst veigrunn,1373.9,
0301-29/818/0/0,,,Eiendoms- og byfornyelsesetaten,,6458.8,
0301-29/821/0/0,,,Eiendoms- og byfornyelsesetaten,,6456.6,
0301-3/164/0/0,,,Eiendoms- og byfornyelsesetaten,,,
0301-3/181/0/0,,,Eiendoms- og byfornyelsesetaten,Drammensveien,680.1,
0301-3/31/0/0,,,Eiendoms- og byfornyelsesetaten,N e brown boveri,8371.1,
0301-3/350/0/0,,,Eiendoms- og byfornyelsesetaten,,3783.8,
0301-3/418/0/0,,,Eiendoms- og byfornyelsesetaten,,24718.9,
0301-3/421/0/0,,,Eiendoms- og byfornyelsesetaten,Park,3498.3,
0301-3/440/0/0,,,Eiendoms- og byfornyelsesetaten,Turvei a-6,5142.1,
0301-3/481/0/0,,,Eiendoms- og byfornyelsesetaten,Silkestrå.,124041.0,
0301-3/510/0/0,,,Eiendoms- og byfornyelsesetaten,Veigrunn,133.5,
0301-3/511/0/0,,,Eiendoms- og byfornyelsesetaten,Veigrunn,280.3,
0301-3/512/0/0,,,Eiendoms- og byfornyelsesetaten,Veigrunn,150.3,
0301-3/513/0/0,,,Eiendoms- og byfornyelsesetaten,Veigrunn,149.2,
0301-3/514/0/0,,,Eiendoms- og byfornyelsesetaten,Veigrunn,755.7,
0301-3/531/0/0,,,Eiendoms- og byfornyelsesetaten,Veigrunn.,4299.3,
0301-3/532/0/0,,,Eiendoms- og byfornyelsesetaten,,45.3,
0301-3/543/0/0,,,Eiendoms- og byfornyelsesetaten,Veigrunn,4497.599999999999,
0301-3/592/0/0,,,Eiendoms- og byfornyelsesetaten,Ikke tinglyst veigrunn,6705.1,
0301-3/596/0/0,,,Eiendoms- og byfornyelsesetaten,Ikke tinglyst veigrunn,1977.7,
0301-3/597/0/0,,,Eiendoms- og byfornyelsesetaten,Ikke tinglyst veigrunn,3233.4,
0301-3/619/0/0,,,Eiendoms- og byfornyelsesetaten,Veiareal.,1018.8,
0301-3/629/0/0,,,Eiendoms- og byfornyelsesetaten,Ikke tinglyst veigrunn,4189.5,
0301-3/632/0/0,,,Eiendoms- og byfornyelsesetaten,Ikke tinglyst veigrunn,2003.2,
0301-3/633/0/0,,,Eiendoms- og byfornyelsesetaten,,3020.6,
0301-3/634/0/0,,,Eiendoms- og byfornyelsesetaten,,7576.7,
0301-3/655/0/0,,,Eiendoms- og byfornyelsesetaten,,2833.7,
0301-3/656/0/0,,,Eiendoms- og byfornyelsesetaten,"Veigrunn, kun registrert i GAB",229.0,
0301-3/661/0/0,,,Eiendoms- og byfornyelsesetaten,Ikke tinglyst veigrunn,24.1,
0301-30/137/0/0,,,Eiendoms- og byfornyelsesetaten,,3509.6,
0301-30/180/0/0,,,Eiendoms- og byfornyelsesetaten,,1885.0,
0301-30/219/0/0,,,Eiendoms- og byfornyelsesetaten,,2762.9,
0301-30/220/0/0,,,Eiendoms- og byfornyelsesetaten,,46.9,
0301-30/239/0/0,,,Eiendoms- og byfornyelsesetaten,,127.2,
0301-30/284/0/0,,,Eiendoms- og byfornyelsesetaten,,2112.8,
0301-30/337/0/0,,,Eiendoms- og byfornyelsesetaten,Ikke tinglyst veigrunn,1658.4,
0301-30/339/0/0,,,Eiendoms- og byfornyelsesetaten,Ikke tinglyst veigrunn,210.9,
0301-30/344/0/0,,,Eiendoms- og byfornyelsesetaten,Veigrunn kun reg. i GAB,649.3,
0301-302/1/0/0,,,Eiendoms- og byfornyelsesetaten,,,
0301-31/11/0/0,,,Eiendoms- og byfornyelsesetaten,Areal ikke ajourført.,130888.6,
0301-31/132/0/0,,,Eiendoms- og byfornyelsesetaten,,1159.7,
0301-31/141/0/0,,,Eiendoms- og byfornyelsesetaten,,8836.2,
0301-31/234/0/0,,,Eiendoms- og byfornyelsesetaten,,1308.7,
0301-31/247/0/0,,,Eiendoms- og byfornyelsesetaten,,1268.7,
0301-31/248/0/0,,,Eiendoms- og byfornyelsesetaten,,1134.7,
0301-31/249/0/0,,,Eiendoms- og byfornyelsesetaten,,2466.2,
0301-31/3/0/0,,,Eiendoms- og byfornyelsesetaten,Hov,206.1,
0301-31/318/0/0,,,Eiendoms- og byfornyelsesetaten,,2993.2,
0301-31/328/0/0,,,Eiendoms- og byfornyelsesetaten,,3059.9,
0301-31/338/0/0,,,Eiendoms- og byfornyelsesetaten,,108.7,
0301-31/340/0/0,,,Eiendoms- og byfornyelsesetaten,,8771.5,
0301-31/351/0/0,,,Eiendoms- og byfornyelsesetaten,"Slettet i grunnboka,se merkn.",839.2,
0301-31/355/0/0,,,Eiendoms- og byfornyelsesetaten,Veigrunn,3472.9,
0301-31/357/0/0,,,Eiendoms- og byfornyelsesetaten,,380.7,
0301-31/374/0/0,,,Eiendoms- og byfornyelsesetaten,Veigrunn ikke tgl.,1136.4,
0301-31/417/0/0,,,Eiendoms- og byfornyelsesetaten,,3103.1,
0301-31/429/0/0,,,Eiendoms- og byfornyelsesetaten,"Veigrunn, kun registrert i GAB",531.6,
0301-31/436/0/0,,,Eiendoms- og byfornyelsesetaten,Veigrunn,216.1,
0301-31/442/0/0,,,Eiendoms- og byfornyelsesetaten,Ikke tinglyst veigrunn,4398.8,
0301-31/447/0/0,,,Eiendoms- og byfornyelsesetaten,Ikke tinglyst veigrunn,3703.9,
0301-31/450/0/0,,,Eiendoms- og byfornyelsesetaten,Hovseter torg.,805.1,
0301-31/451/0/0,,,Eiendoms- og byfornyelsesetaten,Friareal.,1804.1,
0301-31/454/0/0,,,Eiendoms- og byfornyelsesetaten,Veigrunn jarlsborgveien.,1098.0,
0301-31/457/0/0,,,Eiendoms- og byfornyelsesetaten,Veigrunn - se merknader.,686.3,
0301-31/458/0/0,,,Eiendoms- og byfornyelsesetaten,Veigrunn - se merkn.,736.1,
0301-31/459/0/0,,,Eiendoms- og byfornyelsesetaten,Veigrunn - se merkn.,3892.0,
0301-31/461/0/0,,,Eiendoms- og byfornyelsesetaten,Ikke tinglyst veigrunn,773.4,
0301-31/462/0/0,,,Eiendoms- og byfornyelsesetaten,Ikke tinglyst veigrunn,436.2,
0301-31/463/0/0,,,Eiendoms- og byfornyelsesetaten,,2692.5,
0301-31/464/0/0,,,Eiendoms- og byfornyelsesetaten,,425.9,
0301-31/470/0/0,,,Eiendoms- og byfornyelsesetaten,Ikke tinglyst veigrunn,1261.9,
0301-31/477/0/0,,,Eiendoms- og byfornyelsesetaten,,448.0,
0301-31/479/0/0,,,Eiendoms- og byfornyelsesetaten,,1538.0,
0301-31/484/0/0,,,Eiendoms- og byfornyelsesetaten,,8234.5,
0301-31/485/0/0,,,Eiendoms- og byfornyelsesetaten,,2219.6,
0301-31/487/0/0,,,Eiendoms- og byfornyelsesetaten,Ikke tinglyst veigrunn,736.1,
0301-31/504/0/0,,,Eiendoms- og byfornyelsesetaten,,1088.8,
0301-31/505/0/0,,,Eiendoms- og byfornyelsesetaten,,17746.2,
0301-31/511/0/0,,,Eiendoms- og byfornyelsesetaten,,152.0,
0301-32/4/0/0,,,Eiendoms- og byfornyelsesetaten,Heggeli,194.5,
0301-32/415/0/0,,,Eiendoms- og byfornyelsesetaten,,6578.1,
0301-32/510/0/0,,,Eiendoms- og byfornyelsesetaten,Ikke tinglyst veigrunn,10.3,
0301-32/514/0/0,,,Eiendoms- og byfornyelsesetaten,Ikke tinglyst veigrunn,61.9,
0301-32/515/0/0,,,Eiendoms- og byfornyelsesetaten,,991.2,
0301-32/516/0/0,,,Eiendoms- og byfornyelsesetaten,,4.7,
0301-32/527/0/0,,,Eiendoms- og byfornyelsesetaten,,61.0,
0301-32/528/0/0,,,Eiendoms- og byfornyelsesetaten,,338.6,
0301-32/530/0/0,,,Eiendoms- og byfornyelsesetaten,,315.0,
0301-32/533/0/0,,,Eiendoms- og byfornyelsesetaten,,150.1,
0301-32/569/0/0,,,Eiendoms- og byfornyelsesetaten,,21568.9,
0301-32/583/0/0,,,Eiendoms- og byfornyelsesetaten,,5345.5,
0301-32/584/0/0,,,Eiendoms- og byfornyelsesetaten,,3258.4,
0301-32/587/0/0,,,Eiendoms- og byfornyelsesetaten,,1395.4,
0301-32/596/0/0,,,Eiendoms- og byfornyelsesetaten,,2779.8,
0301-32/842/0/0,,,Eiendoms- og byfornyelsesetaten,,768.1,
0301-32/852/0/0,,,Eiendoms- og byfornyelsesetaten,Ikke tinglyst veigrunn,519.8,
0301-32/897/0/0,,,Eiendoms- og byfornyelsesetaten,Friområde.,1872.6,
0301-32/926/0/0,,,Eiendoms- og byfornyelsesetaten,,6368.3,
0301-32/928/0/0,,,Oslobygg KF,,607.8,
0301-32/929/0/0,,,Eiendoms- og byfornyelsesetaten,,3821.1,
0301-32/930/0/0,,,Eiendoms- og byfornyelsesetaten,,2312.6,
0301-32/931/0/0,,,Eiendoms- og byfornyelsesetaten,,3048.6,
0301-32/933/0/0,,,Eiendoms- og byfornyelsesetaten,,222.0,
0301-32/935/0/0,,,Eiendoms- og byfornyelsesetaten,,629.2,
0301-32/936/0/0,,,Eiendoms- og byfornyelsesetaten,,400.9,
0301-32/943/0/0,,,Eiendoms- og byfornyelsesetaten,Friareal.,264.6,
0301-32/947/0/0,,,Eiendoms- og byfornyelsesetaten,Veigrunn (ikke tingl).,5728.9,
0301-32/948/0/0,,,Eiendoms- og byfornyelsesetaten,Veigrunn hoffsveien,1177.8,
0301-32/949/0/0,,,Eiendoms- og byfornyelsesetaten,Veigrunn - se merkn.,2408.6,
0301-32/950/0/0,,,Eiendoms- og byfornyelsesetaten,Veigrunn - se merkn.,1504.1,
0301-32/951/0/0,,,Eiendoms- og byfornyelsesetaten,Veigrunn - se merkn.,490.5,
0301-32/952/0/0,,,Eiendoms- og byfornyelsesetaten,Veigrunn - se merkn.,173.4,
0301-32/961/0/0,,,Eiendoms- og byfornyelsesetaten,Idrettsplass,3529.7,
0301-32/962/0/0,,,Eiendoms- og byfornyelsesetaten,Atkomst,5149.4,
0301-32/964/0/0,,,Eiendoms- og byfornyelsesetaten,Ikke tinglyst veigrunn,1573.8,
0301-32/969/0/0,,,Oslobygg KF,,991.5,
0301-32/970/0/0,,,Eiendoms- og byfornyelsesetaten,Barnehage,585.0,
0301-32/994/0/0,,,Eiendoms- og byfornyelsesetaten,,587.8,
0301-33/1087/0/0,,,Eiendoms- og byfornyelsesetaten,,90464.1,
0301-33/11/0/0,,,Eiendoms- og byfornyelsesetaten,,,
0301-33/1149/0/0,,,Eiendoms- og byfornyelsesetaten,Pars.6,2598.7,
0301-33/1158/0/0,,,Eiendoms- og byfornyelsesetaten,Pars.7,2234.5,
0301-33/1179/0/0,,,Eiendoms- og byfornyelsesetaten,Rødkleiva,103385.0,
0301-33/1192/0/0,,,Eiendoms- og byfornyelsesetaten,,50.6,
0301-33/1194/0/0,,,Eiendoms- og byfornyelsesetaten,,,
0301-33/1195/0/0,,,Eiendoms- og byfornyelsesetaten,,,
0301-33/1196/0/0,,,Eiendoms- og byfornyelsesetaten,,,
0301-33/1197/0/0,,,Eiendoms- og byfornyelsesetaten,,,
0301-33/1198/0/0,,,Eiendoms- og byfornyelsesetaten,,,
0301-33/1199/0/0,,,Eiendoms- og byfornyelsesetaten,,,
0301-33/1200/0/0,,,Eiendoms- og byfornyelsesetaten,,5548.2,
0301-33/1219/0/0,,,Eiendoms- og byfornyelsesetaten,,969.5,
0301-33/1227/0/0,,,Eiendoms- og byfornyelsesetaten,,415.3,
0301-33/1239/0/0,,,Eiendoms- og byfornyelsesetaten,,,
0301-33/1242/0/0,,,Eiendoms- og byfornyelsesetaten,,80.3,
0301-33/1285/0/0,,,Eiendoms- og byfornyelsesetaten,,93.4,
0301-33/1299/0/0,Frognerseterveien 63,Vestre Aker,Oslobygg KF,,4219.8,
0301-33/1302/0/0,,,Eiendoms- og byfornyelsesetaten,,215.3,
0301-33/1353/0/0,Holmenkollveien 119,Vestre Aker,Eiendoms- og byfornyelsesetaten,,10912.4,
0301-33/1406/0/0,,,Eiendoms- og byfornyelsesetaten,,1979.2,
0301-33/1506/0/0,,,Eiendoms- og byfornyelsesetaten,,1028.5,
0301-33/1507/0/0,,,Eiendoms- og byfornyelsesetaten,,7037.9,
0301-33/1521/0/0,,,Eiendoms- og byfornyelsesetaten,,2608.5,
0301-33/1523/0/0,,,Eiendoms- og byfornyelsesetaten,,2261.1,
0301-33/1541/0/0,,,Eiendoms- og byfornyelsesetaten,,1640.6,
0301-33/1543/0/0,,,Eiendoms- og byfornyelsesetaten,,3151.5,
0301-33/1544/0/0,,,Eiendoms- og byfornyelsesetaten,,1641.1,
0301-33/1599/0/0,,,Eiendoms- og byfornyelsesetaten,,1559.5,
0301-33/1654/0/0,,,Eiendoms- og byfornyelsesetaten,,651.8,
0301-33/1692/0/0,,,Eiendoms- og byfornyelsesetaten,,25.9,
0301-33/1732/0/0,,,Eiendoms- og byfornyelsesetaten,,2500.4,
0301-33/1733/0/0,,,Eiendoms- og byfornyelsesetaten,,2598.5,
0301-33/1747/0/0,,,Eiendoms- og byfornyelsesetaten,,8.8,
0301-33/1847/0/0,,,Eiendoms- og byfornyelsesetaten,,3651.7,
0301-33/1948/0/0,,,Eiendoms- og byfornyelsesetaten,,65.2,
0301-33/2060/0/0,,,Eiendoms- og byfornyelsesetaten,,25.5,
0301-33/2118/0/0,,,Eiendoms- og byfornyelsesetaten,,872.1,
0301-33/2120/0/0,,,Eiendoms- og byfornyelsesetaten,,274.8,
0301-33/2172/0/0,,,Eiendoms- og byfornyelsesetaten,Barnehage,2117.3,
0301-33/2222/0/0,,,Eiendoms- og byfornyelsesetaten,,3198.4,
0301-33/2235/0/0,,,Eiendoms- og byfornyelsesetaten,Fellesareal,85329.8,
0301-33/2237/0/0,,,Eiendoms- og byfornyelsesetaten,,2406.1,
0301-33/2270/0/0,,,Eiendoms- og byfornyelsesetaten,,11084.6,
0301-33/2358/0/0,,,Eiendoms- og byfornyelsesetaten,,512.6,
0301-33/237/0/0,,,Eiendoms- og byfornyelsesetaten,,4859.3,
0301-33/2423/0/0,,,Eiendoms- og byfornyelsesetaten,Ikke tinglyst veigrunn,1251.4,
0301-33/2434/0/0,,,Eiendoms- og byfornyelsesetaten,"Veigrunn, kun registrert i GAB",827.7,
0301-33/2579/0/0,,,Eiendoms- og byfornyelsesetaten,,2034.8,
0301-33/2774/0/0,,,Eiendoms- og byfornyelsesetaten,Ikke tinglyst veigrunn,57.3,
0301-33/2808/0/0,,,Eiendoms- og byfornyelsesetaten,Ikke tinglyst veigrunn,2322.4,
0301-33/2810/0/0,,,Eiendoms- og byfornyelsesetaten,Ikke tinglyst veigrunn,10664.3,
0301-33/2812/0/0,,,Eiendoms- og byfornyelsesetaten,Grunn til turvei a 11,271.2,
0301-33/2813/0/0,,,Eiendoms- og byfornyelsesetaten,Grunn til turvei a 11,901.1,
0301-33/2817/0/0,,,Eiendoms- og byfornyelsesetaten,Ikke tinglyst veigrunn,1109.7,
0301-33/2827/0/0,,,Eiendoms- og byfornyelsesetaten,Ikke tinglyst veigrunn,3394.0,
0301-33/2884/0/0,,,Eiendoms- og byfornyelsesetaten,Veigrunn,378.4,
0301-33/2889/0/0,,,Eiendoms- og byfornyelsesetaten,"Ikke tinglyst veigrunn, se merknad",10373.6,
0301-33/2898/0/0,,,Eiendoms- og byfornyelsesetaten,Ikke tinglyst veigrunn,99.3,
0301-33/2902/0/0,,,Eiendoms- og byfornyelsesetaten,,2234.7,
0301-33/2907/0/0,,,Eiendoms- og byfornyelsesetaten,,2121.2,
0301-33/2940/0/0,,,Eiendoms- og byfornyelsesetaten,Veigrunn,2439.3,
0301-33/2981/0/0,,,Eiendoms- og byfornyelsesetaten,"P-plass, svendstuen skole",1324.5,
0301-33/2982/0/0,,,Eiendoms- og byfornyelsesetaten,Ikke tinglyst veigrunn,594.4,
0301-33/3005/0/0,,,Eiendoms- og byfornyelsesetaten,,1474.5,
0301-33/3007/0/0,,,Eiendoms- og byfornyelsesetaten,Ikke tinglyst veigrunn,98.1,
0301-33/3009/0/0,,,Eiendoms- og byfornyelsesetaten,Ikke tinglyst veigrunn,28470.2,
0301-33/3095/0/0,,,Eiendoms- og byfornyelsesetaten,"Veigrunn, kun registrert i GAB",35.5,
0301-33/3102/0/0,,,Eiendoms- og byfornyelsesetaten,,2407.5,
0301-33/3110/0/0,,,Eiendoms- og byfornyelsesetaten,,1339.2,
0301-33/3111/0/0,,,Eiendoms- og byfornyelsesetaten,,1226.6,
0301-33/3125/0/0,,,Eiendoms- og byfornyelsesetaten,,2561.2,
0301-33/3136/0/0,,,Eiendoms- og byfornyelsesetaten,Ikke tinglyst veigrunn,1884.4,
0301-33/3142/0/0,,,Eiendoms- og byfornyelsesetaten,,2695.0,
0301-33/3143/0/0,,,Eiendoms- og byfornyelsesetaten,Ikke tinglyst veigrunn,1628.6,
0301-33/3145/0/0,,,Eiendoms- og byfornyelsesetaten,Ikke tinglyst veigrunn,8591.800000000001,
0301-33/3149/0/0,,,Oslobygg KF,,234.7,
0301-33/3151/0/0,,,Oslobygg KF,,2433.6,
0301-33/3154/0/0,,,Eiendoms- og byfornyelsesetaten,,415.4,
0301-33/3155/0/0,,,Eiendoms- og byfornyelsesetaten,Ikke tinglyst veigrunn,7465.6,
0301-33/3163/0/0,,,Oslobygg KF,,595142.9,
0301-33/3180/0/0,,,Eiendoms- og byfornyelsesetaten,,4875.0,
0301-33/3181/0/0,,,Eiendoms- og byfornyelsesetaten,,4319.4,
0301-33/3187/0/0,,,Oslobygg KF,,9836.0,
0301-33/3188/0/0,,,Eiendoms- og byfornyelsesetaten,,,
0301-33/3198/0/0,,,Eiendoms- og byfornyelsesetaten,,,
0301-33/32/0/0,,,Eiendoms- og byfornyelsesetaten,,18485.3,
0301-33/458/0/0,,,Eiendoms- og byfornyelsesetaten,,,
0301-33/746/0/0,,,Eiendoms- og byfornyelsesetaten,,43.4,
0301-33/846/0/0,,,Eiendoms- og byfornyelsesetaten,,69.9,
0301-33/866/0/0,,,Eiendoms- og byfornyelsesetaten,,5611.3,
0301-33/940/0/0,,,Eiendoms- og byfornyelsesetaten,Triangeltomta,1467.9,
0301-34/12/0/0,,,Eiendoms- og byfornyelsesetaten,Tryvannskleiva alpinanlegg,103808.6,
0301-34/19/0/0,,,Eiendoms- og byfornyelsesetaten,,7343.9,
0301-34/20/0/0,,,Eiendoms- og byfornyelsesetaten,,3764.3,
0301-34/21/0/0,,,Eiendoms- og byfornyelsesetaten,,71613.3,
0301-34/22/0/0,,,Eiendoms- og byfornyelsesetaten,,216675.9,
0301-34/24/0/0,,,Eiendoms- og byfornyelsesetaten,,127588.9,
0301-34/3/0/0,,,Eiendoms- og byfornyelsesetaten,Tryvannshøiden,,
0301-34/9/0/0,,,Eiendoms- og byfornyelsesetaten,,3249.2,
0301-35/103/0/0,,,Eiendoms- og byfornyelsesetaten,,6360.7,
0301-35/1228/0/0,,,Eiendoms- og byfornyelsesetaten,Ikke tinglyst veigrunn,575.2,
0301-35/1284/0/0,,,Eiendoms- og byfornyelsesetaten,Ikke tinglyst veigrunn,1112.9,
0301-35/1293/0/0,,,Eiendoms- og byfornyelsesetaten,Ikke tinglyst veigrunn,189.0,
0301-35/1311/0/0,,,Eiendoms- og byfornyelsesetaten,,353.1,
0301-35/1323/0/0,,,Eiendoms- og byfornyelsesetaten,,106.3,
0301-35/1324/0/0,,,Eiendoms- og byfornyelsesetaten,,476.7,
0301-35/201/0/0,,,Eiendoms- og byfornyelsesetaten,,12002.2,
0301-35/274/0/0,,,Eiendoms- og byfornyelsesetaten,,6427.4,
0301-35/309/0/0,,,Eiendoms- og byfornyelsesetaten,,10943.3,
0301-35/310/0/0,,,Eiendoms- og byfornyelsesetaten,,933.1,
0301-35/329/0/0,,,Eiendoms- og byfornyelsesetaten,,,
0301-35/370/0/0,,,Eiendoms- og byfornyelsesetaten,,1.7,
0301-35/407/0/0,,,Eiendoms- og byfornyelsesetaten,,2026.7,
0301-35/414/0/0,,,Eiendoms- og byfornyelsesetaten,,232.4,
0301-35/424/0/0,,,Eiendoms- og byfornyelsesetaten,,121.3,
0301-35/425/0/0,,,Eiendoms- og byfornyelsesetaten,,2314.2,
0301-35/426/0/0,,,Eiendoms- og byfornyelsesetaten,,937.0,
0301-35/427/0/0,,,Eiendoms- og byfornyelsesetaten,Veigrunn - risalleen,1186.9,
0301-35/428/0/0,,,Eiendoms- og byfornyelsesetaten,,295.5,
0301-35/455/0/0,,,Eiendoms- og byfornyelsesetaten,,444.9,
0301-35/458/0/0,,,Eiendoms- og byfornyelsesetaten,,7515.9,
0301-35/468/0/0,,,Eiendoms- og byfornyelsesetaten,,47.7,
0301-35/523/0/0,,,Eiendoms- og byfornyelsesetaten,,23020.3,
0301-35/524/0/0,,,Eiendoms- og byfornyelsesetaten,,52495.1,
0301-35/525/0/0,,,Eiendoms- og byfornyelsesetaten,,10943.3,
0301-35/526/0/0,,,Eiendoms- og byfornyelsesetaten,,402750.2,
0301-35/528/0/0,,,Eiendoms- og byfornyelsesetaten,,1001.8,
0301-35/595/0/0,,,Eiendoms- og byfornyelsesetaten,,1015.8,
0301-35/67/0/0,,,Eiendoms- og byfornyelsesetaten,,683.8,
0301-35/675/0/0,,,Eiendoms- og byfornyelsesetaten,,,
0301-35/869/0/0,,,Eiendoms- og byfornyelsesetaten,,63.1,
0301-35/870/0/0,,,Eiendoms- og byfornyelsesetaten,,15.9,
0301-35/871/0/0,,,Eiendoms- og byfornyelsesetaten,,41.6,
0301-36/185/0/0,,,Eiendoms- og byfornyelsesetaten,,,
0301-36/332/0/0,,,Eiendoms- og byfornyelsesetaten,Sporveisområde/plattform,1370.3,
0301-36/333/0/0,,,Eiendoms- og byfornyelsesetaten,Ikke tinglyst veigrunn,3223.4,
0301-36/334/0/0,,,Eiendoms- og byfornyelsesetaten,Friområde/turvei. Av ureg.gr.,3202.2,
0301-36/335/0/0,,,Eiendoms- og byfornyelsesetaten,Trafikkområde,33.3,
0301-36/38/0/0,,,Eiendoms- og byfornyelsesetaten,,,
0301-37/1/0/0,,,Eiendoms- og byfornyelsesetaten,Frogner,299426.3,
0301-37/101/0/0,,,Eiendoms- og byfornyelsesetaten,,,
0301-37/107/0/0,,,Eiendoms- og byfornyelsesetaten,,1467.2,
0301-37/147/0/0,,,Eiendoms- og byfornyelsesetaten,,5322.6,
0301-37/148/0/0,,,Eiendoms- og byfornyelsesetaten,,5270.4,
0301-37/149/0/0,,,Eiendoms- og byfornyelsesetaten,,7698.3,
0301-37/150/0/0,,,Eiendoms- og byfornyelsesetaten,,6102.3,
0301-37/195/0/0,,,Eiendoms- og byfornyelsesetaten,,218.5,
0301-37/2/0/0,,,Eiendoms- og byfornyelsesetaten,Store frøen,10560.5,
0301-37/203/0/0,,,Eiendoms- og byfornyelsesetaten,,134.5,
0301-37/207/0/0,,,Eiendoms- og byfornyelsesetaten,,1075.1,
0301-37/208/0/0,,,Eiendoms- og byfornyelsesetaten,,160.2,
0301-37/210/0/0,,,Eiendoms- og byfornyelsesetaten,,19754.6,
0301-37/25/0/0,,,Eiendoms- og byfornyelsesetaten,,,
0301-37/294/0/0,,,Eiendoms- og byfornyelsesetaten,Trafikkomr./parkering,1257.8,
0301-37/297/0/0,,,Eiendoms- og byfornyelsesetaten,Veigr.kun reg. i GAB,3190.5,
0301-37/298/0/0,,,Eiendoms- og byfornyelsesetaten,,2973.7,
0301-37/299/0/0,,,Eiendoms- og byfornyelsesetaten,"Veigrunn, kun registrert i GAB",3352.7,
0301-37/37/0/0,,,Eiendoms- og byfornyelsesetaten,,12896.0,
0301-37/38/0/0,,,Eiendoms- og byfornyelsesetaten,,34454.3,
0301-37/39/0/0,,,Eiendoms- og byfornyelsesetaten,,32871.3,
0301-37/43/0/0,,,Eiendoms- og byfornyelsesetaten,,26298.5,
0301-37/44/0/0,,,Eiendoms- og byfornyelsesetaten,,43294.0,
0301-37/46/0/0,,,Eiendoms- og byfornyelsesetaten,,32091.3,
0301-37/48/0/0,,,Eiendoms- og byfornyelsesetaten,,34134.0,
0301-38/12/0/0,,,Eiendoms- og byfornyelsesetaten,,587118.4,
0301-38/13/0/0,,,Eiendoms- og byfornyelsesetaten,"Ikke tinglyst veigrunn, se merknad",6483.7,
0301-38/234/0/0,,,Eiendoms- og byfornyelsesetaten,,,
0301-38/235/0/0,,,Eiendoms- og byfornyelsesetaten,,,
0301-38/248/0/0,,,Eiendoms- og byfornyelsesetaten,,53.9,
0301-38/324/0/0,,,Eiendoms- og byfornyelsesetaten,Ikke tinglyst veigrunn.,628.0,
0301-38/326/0/0,,,Eiendoms- og byfornyelsesetaten,Ikke tinglyst veigrunn,435.1,
0301-38/337/0/0,,,Eiendoms- og byfornyelsesetaten,,1209.6,
0301-386/1/0/0,,,Eiendoms- og byfornyelsesetaten,Underjordisk volum,,
0301-39/250/0/0,,,Eiendoms- og byfornyelsesetaten,,844.5,
0301-39/251/0/0,,,Eiendoms- og byfornyelsesetaten,,1067.6,
0301-39/252/0/0,,,Eiendoms- og byfornyelsesetaten,,177.3,
0301-39/253/0/0,,,Eiendoms- og byfornyelsesetaten,,524.2,
0301-39/254/0/0,,,Eiendoms- og byfornyelsesetaten,,8.5,
0301-39/255/0/0,,,Eiendoms- og byfornyelsesetaten,,13.2,
0301-39/256/0/0,,,Eiendoms- og byfornyelsesetaten,,548.2,
0301-39/268/0/0,,,Eiendoms- og byfornyelsesetaten,,142.5,
0301-39/339/0/0,,,Eiendoms- og byfornyelsesetaten,,562.5,
0301-39/340/0/0,,,Eiendoms- og byfornyelsesetaten,,5763.6,
0301-39/341/0/0,,,Eiendoms- og byfornyelsesetaten,,5.2,
0301-39/342/0/0,,,Eiendoms- og byfornyelsesetaten,,1766.0,
0301-39/343/0/0,,,Eiendoms- og byfornyelsesetaten,,38.9,
0301-39/344/0/0,,,Eiendoms- og byfornyelsesetaten,,3.1,
0301-39/345/0/0,,,Eiendoms- og byfornyelsesetaten,,2373.0,
0301-39/437/0/0,,,Eiendoms- og byfornyelsesetaten,,2575.2,
0301-39/46/0/0,,,Eiendoms- og byfornyelsesetaten,,678.8,
0301-39/47/0/0,,,Eiendoms- og byfornyelsesetaten,,573.0,
0301-4/103/0/0,,,Eiendoms- og byfornyelsesetaten,Veigrunn,321.3,
0301-4/105/0/0,,,Eiendoms- og byfornyelsesetaten,Veigrunn,275.8,
0301-4/107/0/0,,,Eiendoms- og byfornyelsesetaten,Veigrunn,318.7,
0301-4/304/0/0,,,Eiendoms- og byfornyelsesetaten,,226.1,
0301-4/89/0/0,,,Eiendoms- og byfornyelsesetaten,Grefsen-bestunbanen,123.2,
0301-40/150/0/0,,,Eiendoms- og byfornyelsesetaten,Veigr. Se merkn.,736.1,
0301-41/1004/0/0,,,Eiendoms- og byfornyelsesetaten,,1123.7,
0301-41/101/0/0,,,Eiendoms- og byfornyelsesetaten,Ekspropriert til skivei,8452.0,
0301-41/117/0/0,,,Eiendoms- og byfornyelsesetaten,,1859310.3,
0301-41/1286/0/0,,,Eiendoms- og byfornyelsesetaten,,699.2,
0301-41/1287/0/0,,,Eiendoms- og byfornyelsesetaten,,556.1,
0301-41/1290/0/0,,,Eiendoms- og byfornyelsesetaten,Ikke tinglyst veigrunn,2740.3,
0301-41/1291/0/0,,,Eiendoms- og byfornyelsesetaten,,412.6,
0301-41/1301/0/0,,,Eiendoms- og byfornyelsesetaten,Ikke tinglyst veigrunn,998.3,
0301-41/1303/0/0,,,Eiendoms- og byfornyelsesetaten,Ikke tinglyst veigrunn,747.7,
0301-41/1311/0/0,,,Eiendoms- og byfornyelsesetaten,Ikke tgl. Veigrunn,1552.0,
0301-41/1315/0/0,,,Eiendoms- og byfornyelsesetaten,Ikke tinglyst veigrunn,539.3,
0301-41/1349/0/0,,,Eiendoms- og byfornyelsesetaten,,848.5,
0301-41/156/0/0,,,Eiendoms- og byfornyelsesetaten,,86539.8,
0301-41/186/0/0,,,Eiendoms- og byfornyelsesetaten,,604.0,
0301-41/187/0/0,,,Eiendoms- og byfornyelsesetaten,,1657.7,
0301-41/193/0/0,,,Eiendoms- og byfornyelsesetaten,,,
0301-41/300/0/0,,,Eiendoms- og byfornyelsesetaten,,71.2,
0301-41/301/0/0,,,Eiendoms- og byfornyelsesetaten,,97.6,
0301-41/302/0/0,,,Eiendoms- og byfornyelsesetaten,,89.9,
0301-41/353/0/0,,,Eiendoms- og byfornyelsesetaten,,97.6,
0301-41/354/0/0,,,Eiendoms- og byfornyelsesetaten,,1152.2,
0301-41/360/0/0,,,Eiendoms- og byfornyelsesetaten,Ikke tinglyst veigrunn,7441.2,
0301-41/374/0/0,,,Eiendoms- og byfornyelsesetaten,,191.6,
0301-41/375/0/0,,,Eiendoms- og byfornyelsesetaten,,459.9,
0301-41/376/0/0,,,Eiendoms- og byfornyelsesetaten,,72.0,
0301-41/381/0/0,,,Eiendoms- og byfornyelsesetaten,,,
0301-41/403/0/0,Ris skolevei 22,Vestre Aker,Eiendoms- og byfornyelsesetaten,,7235.5,
0301-41/524/0/0,,,Eiendoms- og byfornyelsesetaten,,1181.3,
0301-41/631/0/0,,,Eiendoms- og byfornyelsesetaten,,1797.0,
0301-42/126/0/0,,,Eiendoms- og byfornyelsesetaten,Ikke tinglyst veigrunn,1607.7,
0301-42/13/0/0,,,Eiendoms- og byfornyelsesetaten,,279.5,
0301-42/131/0/0,,,Eiendoms- og byfornyelsesetaten,,10478.7,
0301-42/143/0/0,,,Eiendoms- og byfornyelsesetaten,Kontrollstasjon 4.,2103.7,
0301-42/163/0/0,,,Eiendoms- og byfornyelsesetaten,"Ikke tinglyst veigrunn, se merknad",2405.9,
0301-42/171/0/0,,,Eiendoms- og byfornyelsesetaten,Adr.:se merkn.,16449.2,
0301-42/177/0/0,,,Eiendoms- og byfornyelsesetaten,,13424.0,
0301-42/182/0/0,,,Eiendoms- og byfornyelsesetaten,Eplehagen barnehage,2263.3,
0301-42/183/0/0,,,Eiendoms- og byfornyelsesetaten,,4474.7,
0301-42/184/0/0,,,Eiendoms- og byfornyelsesetaten,,3913.0,
0301-42/186/0/0,,,Eiendoms- og byfornyelsesetaten,,2624.3,
0301-42/192/0/0,,,Eiendoms- og byfornyelsesetaten,Ikke tinglyst veigrunn,8785.8,
0301-42/193/0/0,,,Eiendoms- og byfornyelsesetaten,Ikke tinglyst veigrunn,3367.8,
0301-42/195/0/0,,,Eiendoms- og byfornyelsesetaten,Friområde,4599.3,
0301-42/203/0/0,,,Eiendoms- og byfornyelsesetaten,,1449.1,
0301-42/209/0/0,,,Eiendoms- og byfornyelsesetaten,,10649.9,
0301-42/218/0/0,,,Eiendoms- og byfornyelsesetaten,,103.1,
0301-42/219/0/0,,,Eiendoms- og byfornyelsesetaten,Ikke tinglyst veigrunn,5814.9,
0301-42/3/0/0,,,Eiendoms- og byfornyelsesetaten,Gaustad,2069.0,
0301-42/4/0/0,,,Eiendoms- og byfornyelsesetaten,Gaustad,283.6,
0301-42/41/0/0,,,Eiendoms- og byfornyelsesetaten,,598.1,
0301-42/42/0/0,,,Eiendoms- og byfornyelsesetaten,,403.7,
0301-42/87/0/0,,,Eiendoms- og byfornyelsesetaten,,561.3,
0301-42/88/0/0,,,Eiendoms- og byfornyelsesetaten,,65.7,
0301-42/89/0/0,,,Eiendoms- og byfornyelsesetaten,,147.0,
0301-42/90/0/0,,,Eiendoms- og byfornyelsesetaten,Parkasreal,79.4,
0301-42/91/0/0,,,Eiendoms- og byfornyelsesetaten,,87.7,
0301-42/92/0/0,,,Eiendoms- og byfornyelsesetaten,,117.3,
0301-42/93/0/0,,,Eiendoms- og byfornyelsesetaten,,233.1,
0301-42/94/0/0,,,Eiendoms- og byfornyelsesetaten,,188.3,
0301-42/95/0/0,,,Eiendoms- og byfornyelsesetaten,,96.4,
0301-42/98/0/0,,,Eiendoms- og byfornyelsesetaten,,10627.9,
0301-426/5/0/0,,,Eiendoms- og byfornyelsesetaten,,,
0301-426/9/0/0,,,Oslobygg KF,,,
0301-428/1/0/0,,,Eiendoms- og byfornyelsesetaten,,,
0301-43/45/0/0,,,Eiendoms- og byfornyelsesetaten,,2395.0,
0301-43/46/0/0,,,Eiendoms- og byfornyelsesetaten,Ikke tinglyst veigrunn,1690.8,
0301-435/1/0/0,,,Eiendoms- og byfornyelsesetaten,Volum i undergrunn,,
0301-435/2/0/0,,,Eiendoms- og byfornyelsesetaten,Volum i undergrunnen,,
0301-44/196/0/0,,,Eiendoms- og byfornyelsesetaten,,3819.2,
0301-44/205/0/0,,,Eiendoms- og byfornyelsesetaten,,15724.8,
0301-44/284/0/0,,,Eiendoms- og byfornyelsesetaten,Ikke tinglyst veigrunn,495.1,
0301-44/285/0/0,,,Eiendoms- og byfornyelsesetaten,Ikke tinglyst veigrunn,146.3,
0301-44/289/0/0,,,Eiendoms- og byfornyelsesetaten,,2360.5,
0301-44/290/0/0,,,Eiendoms- og byfornyelsesetaten,,269.2,
0301-44/291/0/0,,,Eiendoms- og byfornyelsesetaten,,1393.8,
0301-44/93/0/0,,,Eiendoms- og byfornyelsesetaten,,632.3,
0301-441/1/0/0,,,Eiendoms- og byfornyelsesetaten,Underjordisk volum - se k-bild,,
0301-45/1/0/0,,,Eiendoms- og byfornyelsesetaten,Tangens skogstykke,871963.0,
0301-46/108/0/0,,,Eiendoms- og byfornyelsesetaten,,8064.1,
0301-46/122/0/0,,,Eiendoms- og byfornyelsesetaten,Ikke tinglyst veigrunn,2184.3,
0301-46/124/0/0,,,Eiendoms- og byfornyelsesetaten,Friområde/turvei,731.4,
0301-46/125/0/0,,,Eiendoms- og byfornyelsesetaten,Ikke tinglyst veigrunn,7545.8,
0301-46/128/0/0,,,Eiendoms- og byfornyelsesetaten,Ikke tinglyst veigrunn,815.5,
0301-46/31/0/0,,,Eiendoms- og byfornyelsesetaten,"Ikke tinglyst veigrunn, se merknad",1604.3,
0301-46/32/0/0,,,Eiendoms- og byfornyelsesetaten,"Ikke tinglyst veigrunn, se merknad",1028.5,
0301-46/35/0/0,,,Eiendoms- og byfornyelsesetaten,"Ikke tinglyst veigrunn, se merknad",4488.2,
0301-46/49/0/0,,,Eiendoms- og byfornyelsesetaten,Gategrunn - slemdalsveien.,3.6,
0301-46/55/0/0,,,Eiendoms- og byfornyelsesetaten,,84.9,
0301-46/85/0/0,,,Eiendoms- og byfornyelsesetaten,,112.2,
0301-47/19/0/0,,,Eiendoms- og byfornyelsesetaten,,,
0301-47/2/0/0,,,Eiendoms- og byfornyelsesetaten,Guldangelen,,
0301-47/25/0/0,,,Eiendoms- og byfornyelsesetaten,,3454.0,
0301-47/259/0/0,,,Eiendoms- og byfornyelsesetaten,,1491.0,
0301-47/260/0/0,,,Eiendoms- og byfornyelsesetaten,,4514.7,
0301-47/261/0/0,,,Eiendoms- og byfornyelsesetaten,,902.9,
0301-47/262/0/0,,,Eiendoms- og byfornyelsesetaten,,1470.5,
0301-47/263/0/0,,,Eiendoms- og byfornyelsesetaten,,729.0,
0301-47/264/0/0,,,Eiendoms- og byfornyelsesetaten,,734.2,
0301-47/265/0/0,,,Eiendoms- og byfornyelsesetaten,,1299.2,
0301-47/266/0/0,,,Eiendoms- og byfornyelsesetaten,,2829.5,
0301-47/267/0/0,,,Eiendoms- og byfornyelsesetaten,,2512.7,
0301-47/268/0/0,,,Eiendoms- og byfornyelsesetaten,,1524.0,
0301-47/269/0/0,,,Eiendoms- og byfornyelsesetaten,,2272.8,
0301-47/270/0/0,,,Eiendoms- og byfornyelsesetaten,,1194.4,
0301-47/271/0/0,,,Eiendoms- og byfornyelsesetaten,,47.8,
0301-47/273/0/0,,,Eiendoms- og byfornyelsesetaten,,930.6,
0301-47/274/0/0,,,Eiendoms- og byfornyelsesetaten,,4303.2,
0301-47/275/0/0,,,Eiendoms- og byfornyelsesetaten,,1477.3,
0301-47/276/0/0,,,Eiendoms- og byfornyelsesetaten,,1678.2,
0301-47/277/0/0,,,Eiendoms- og byfornyelsesetaten,,2557.0,
0301-47/279/0/0,,,Eiendoms- og byfornyelsesetaten,,132.5,
0301-47/282/0/0,,,Eiendoms- og byfornyelsesetaten,,1613.6,
0301-47/324/0/0,,,Eiendoms- og byfornyelsesetaten,,250.2,
0301-47/339/0/0,,,Eiendoms- og byfornyelsesetaten,,1861.3,
0301-47/341/0/0,,,Eiendoms- og byfornyelsesetaten,Ikke tinglyst veigrunn,4633.2,
0301-47/343/0/0,,,Eiendoms- og byfornyelsesetaten,,4274.9,
0301-47/356/0/0,,,Eiendoms- og byfornyelsesetaten,,1668.8,
0301-47/358/0/0,,,Eiendoms- og byfornyelsesetaten,Ikke tinglyst veigrunn,390.0,
0301-47/359/0/0,,,Eiendoms- og byfornyelsesetaten,,6910.1,
0301-47/360/0/0,,,Eiendoms- og byfornyelsesetaten,,5290.7,
0301-47/365/0/0,,,Eiendoms- og byfornyelsesetaten,Atkomst,901.9,
0301-47/366/0/0,,,Eiendoms- og byfornyelsesetaten,Friareal,825.4,
0301-47/367/0/0,,,Eiendoms- og byfornyelsesetaten,Ikke inglyst veigr.(av ureg.gr,1429.3,
0301-47/372/0/0,,,Eiendoms- og byfornyelsesetaten,Ikke tinglyst veigrunn,6135.2,
0301-47/373/0/0,,,Eiendoms- og byfornyelsesetaten,Gang-/atkomst til ullev.sykeh.,1296.8,
0301-47/374/0/0,,,Eiendoms- og byfornyelsesetaten,Ikke tinglyst veigrunn,5911.5,
0301-47/377/0/0,,,Eiendoms- og byfornyelsesetaten,,57.2,
0301-47/378/0/0,,,Eiendoms- og byfornyelsesetaten,"Veigrunn, kun registrert i GAB",162.5,
0301-47/379/0/0,,,Eiendoms- og byfornyelsesetaten,Ikke tinglyst veigrunn,1997.4,
0301-47/380/0/0,,,Eiendoms- og byfornyelsesetaten,Fellesomr./parkering.av ureg.g,361.4,
0301-47/381/0/0,,,Eiendoms- og byfornyelsesetaten,Ikke tinglyst veigrunn av uregistrert grunn,520.0,
0301-47/382/0/0,,,Eiendoms- og byfornyelsesetaten,"Veigrunn, kun registrert i GAB",1926.9,
0301-47/387/0/0,,,Eiendoms- og byfornyelsesetaten,,1012.2,
0301-47/67/0/0,,,Eiendoms- og byfornyelsesetaten,,8134.1,
0301-47/69/0/0,,,Oslobygg KF,,469.2,
0301-47/75/0/0,,,Eiendoms- og byfornyelsesetaten,,,
0301-47/76/0/0,,,Eiendoms- og byfornyelsesetaten,,,
0301-48/1/0/0,,,Eiendoms- og byfornyelsesetaten,Berg,19612.0,
0301-48/16/0/0,,,Eiendoms- og byfornyelsesetaten,,47663.9,
0301-48/217/0/0,,,Eiendoms- og byfornyelsesetaten,,2847.7,
0301-48/228/0/0,,,Eiendoms- og byfornyelsesetaten,,6622.1,
0301-48/237/0/0,,,Eiendoms- og byfornyelsesetaten,,1255.0,
0301-48/250/0/0,,,Eiendoms- og byfornyelsesetaten,,1240.6,
0301-48/261/0/0,,,Eiendoms- og byfornyelsesetaten,,470.2,
0301-48/286/0/0,,,Eiendoms- og byfornyelsesetaten,,156.6,
0301-48/307/0/0,,,Eiendoms- og byfornyelsesetaten,Veigrunn,69.1,
0301-48/311/0/0,,,Eiendoms- og byfornyelsesetaten,Veigrunn,122.5,
0301-48/312/0/0,,,Eiendoms- og byfornyelsesetaten,Veigrunn,251.1,
0301-48/314/0/0,,,Eiendoms- og byfornyelsesetaten,Veigrunn,1878.9,
0301-48/368/0/0,,,Eiendoms- og byfornyelsesetaten,Ikke tinglyst veigrunn,946.8000000000001,
0301-48/373/0/0,,,Eiendoms- og byfornyelsesetaten,Ikke tinglyst veigrunn,1064.4,
0301-48/379/0/0,,,Eiendoms- og byfornyelsesetaten,,763.9,
0301-48/43/0/0,,,Eiendoms- og byfornyelsesetaten,,19341.2,
0301-480/1/0/0,,,Oslobygg KF,Underjordisk volum - se k-bild,,
0301-480/7/0/0,,,Eiendoms- og byfornyelsesetaten,,,
0301-49/10/0/0,,,Eiendoms- og byfornyelsesetaten,Flere teiger,1781.1,
0301-49/23/0/0,,,Eiendoms- og byfornyelsesetaten,,1310.2,
0301-49/28/0/0,,,Eiendoms- og byfornyelsesetaten,Ikke tinglyst veigrunn,1994.5,
0301-49/3/0/0,,,Eiendoms- og byfornyelsesetaten,,,
0301-49/38/0/0,,,Eiendoms- og byfornyelsesetaten,Ikke tinglyst veigrunn,5775.7,
0301-49/41/0/0,,,Oslobygg KF,Fellesareal/parkering,1490.1,
0301-49/42/0/0,,,Eiendoms- og byfornyelsesetaten,Ikke tinglyst veigrunn,5433.3,
0301-5/145/0/0,,,Eiendoms- og byfornyelsesetaten,Veigrunn Hoffsbakken,316.5,
0301-5/149/0/0,,,Eiendoms- og byfornyelsesetaten,,410.4,
0301-5/83/0/0,,,Eiendoms- og byfornyelsesetaten,Veigrunn dr'vn,3112.0,
0301-5/85/0/0,,,Eiendoms- og byfornyelsesetaten,Veigrunn dr'vn,22136.2,
0301-50/10/0/0,,,Eiendoms- og byfornyelsesetaten,,,
0301-50/11/0/0,,,Eiendoms- og byfornyelsesetaten,,,
0301-50/12/0/0,,,Eiendoms- og byfornyelsesetaten,,,
0301-50/15/0/0,,,Eiendoms- og byfornyelsesetaten,,825.1,
0301-50/2/0/0,,,Eiendoms- og byfornyelsesetaten,Sogn skog,1719825.2,
0301-50/233/0/0,,,Eiendoms- og byfornyelsesetaten,Veigrunn kaj munks vei.,,
0301-50/288/0/0,,,Eiendoms- og byfornyelsesetaten,,424.2,
0301-50/3/0/0,,,Eiendoms- og byfornyelsesetaten,Nordre Sandås,85053.2,
0301-50/358/0/0,,,Eiendoms- og byfornyelsesetaten,,28.8,
0301-50/380/0/0,,,Eiendoms- og byfornyelsesetaten,,1793.9,
0301-50/486/0/0,,,Eiendoms- og byfornyelsesetaten,,371.8,
0301-50/490/0/0,,,Eiendoms- og byfornyelsesetaten,,204.2,
0301-50/5/0/0,Folke Bernadottes vei 21,Nordre Aker,Eiendoms- og byfornyelsesetaten,Søndre Sandås,127565.1,
0301-50/6/0/0,,,Eiendoms- og byfornyelsesetaten,,25870.7,
0301-50/8/0/0,,,Eiendoms- og byfornyelsesetaten,,4358450.6,
0301-50/81/0/0,,,Eiendoms- og byfornyelsesetaten,Ikke tinglyst veigrunn (se merknad),18955.9,
0301-50/9/0/0,,,Eiendoms- og byfornyelsesetaten,Ikke målt,,
0301-51/3/0/0,,,Eiendoms- og byfornyelsesetaten,Skogheim,1722.2,
0301-51/4/0/0,,,Eiendoms- og byfornyelsesetaten,Nordli,330.6,
0301-51/6/0/0,,,Eiendoms- og byfornyelsesetaten,,959.4,
0301-52/10/0/0,,,Eiendoms- og byfornyelsesetaten,Flere teiger,585314.7,
0301-52/1038/0/0,,,Eiendoms- og byfornyelsesetaten,"Veigrunn, kun registrert i GAB",212.4,
0301-52/1039/0/0,,,Eiendoms- og byfornyelsesetaten,Ikke tinglyst veigrunn,131.8,
0301-52/1040/0/0,,,Eiendoms- og byfornyelsesetaten,"Ikke tinglyst veigrunn, se merkn.",2878.1,
0301-52/1043/0/0,,,Eiendoms- og byfornyelsesetaten,,100.2,
0301-52/1044/0/0,,,Eiendoms- og byfornyelsesetaten,,99.0,
0301-52/1061/0/0,,,Eiendoms- og byfornyelsesetaten,,116.2,
0301-52/11/0/0,,,Eiendoms- og byfornyelsesetaten,,13279.3,
0301-52/1111/0/0,,,Eiendoms- og byfornyelsesetaten,,181.5,
0301-52/1113/0/0,,,Eiendoms- og byfornyelsesetaten,,799.3,
0301-52/1119/0/0,,,Eiendoms- og byfornyelsesetaten,Ikke tinglyst veigrunn,147.7,
0301-52/1123/0/0,,,Eiendoms- og byfornyelsesetaten,,76.2,
0301-52/1125/0/0,,,Eiendoms- og byfornyelsesetaten,Veigrunn,246.3,
0301-52/1142/0/0,,,Eiendoms- og byfornyelsesetaten,Ikke tinglyst veigrunn,2047.7,
0301-52/1152/0/0,,,Eiendoms- og byfornyelsesetaten,Ikke tinglyst veigrunn,3578.1,
0301-52/1158/0/0,,,Eiendoms- og byfornyelsesetaten,Ikke tinglyst veigrunn,78.4,
0301-52/1159/0/0,,,Eiendoms- og byfornyelsesetaten,Ikke tinglyst veigrunn,180.4,
0301-52/1171/0/0,,,Eiendoms- og byfornyelsesetaten,Ikke tinglyst veigrunn,1014.0,
0301-52/1172/0/0,,,Eiendoms- og byfornyelsesetaten,Ikke tinglyst veigrunn,2375.9,
0301-52/1173/0/0,,,Eiendoms- og byfornyelsesetaten,Ikke tinglyst veigrunn,427.1,
0301-52/1174/0/0,,,Eiendoms- og byfornyelsesetaten,Ikke tinglyst veigrunn,676.9,
0301-52/1176/0/0,,,Eiendoms- og byfornyelsesetaten,Friområde,376.5,
0301-52/1177/0/0,,,Eiendoms- og byfornyelsesetaten,Friområde,1126.9,
0301-52/1178/0/0,,,Eiendoms- og byfornyelsesetaten,Veigr. Kun rege. i GAB,245.4,
0301-52/1180/0/0,,,Eiendoms- og byfornyelsesetaten,Ikke tinglyst veigrunn,78.8,
0301-52/1181/0/0,,,Eiendoms- og byfornyelsesetaten,"Veigrunn, kun registrert i GAB",9244.2,
0301-52/1182/0/0,,,Eiendoms- og byfornyelsesetaten,,569.1,
0301-52/1184/0/0,,,Eiendoms- og byfornyelsesetaten,,10389.5,
0301-52/1185/0/0,,,Eiendoms- og byfornyelsesetaten,,34584.7,
0301-52/1186/0/0,,,Eiendoms- og byfornyelsesetaten,,1598.9,
0301-52/1187/0/0,,,Eiendoms- og byfornyelsesetaten,,143.9,
0301-52/1188/0/0,,,Eiendoms- og byfornyelsesetaten,,2155.8,
0301-52/1191/0/0,,,Eiendoms- og byfornyelsesetaten,,1200.2,
0301-52/1194/0/0,,,Eiendoms- og byfornyelsesetaten,,1532.8,
0301-52/1195/0/0,,,Eiendoms- og byfornyelsesetaten,,817.1,
0301-52/1202/0/0,,,Eiendoms- og byfornyelsesetaten,,145.8,
0301-52/211/0/0,,,Eiendoms- og byfornyelsesetaten,,1256.8,
0301-52/55/0/0,,,Eiendoms- og byfornyelsesetaten,,2877.9,
0301-52/566/0/0,,,Eiendoms- og byfornyelsesetaten,,1512.7,
0301-52/591/0/0,,,Eiendoms- og byfornyelsesetaten,,284.0,
0301-52/6/0/0,,,Eiendoms- og byfornyelsesetaten,,1567.9,
0301-52/7/0/0,,,Eiendoms- og byfornyelsesetaten,,108748.7,
0301-52/8/0/0,,,Eiendoms- og byfornyelsesetaten,,1594.7,
0301-53/12/0/0,,,Eiendoms- og byfornyelsesetaten,,2139.8,
0301-53/131/0/0,,,Eiendoms- og byfornyelsesetaten,,57.8,
0301-53/145/0/0,,,Eiendoms- og byfornyelsesetaten,,1874.1,
0301-53/174/0/0,,,Eiendoms- og byfornyelsesetaten,,1377.6,
0301-53/2/0/0,,,Eiendoms- og byfornyelsesetaten,Stubberud,338798.6,
0301-53/253/0/0,,,Eiendoms- og byfornyelsesetaten,,,
0301-53/262/0/0,,,Eiendoms- og byfornyelsesetaten,Slettet i grunnboka 1.04.04,2418.6,
0301-53/3/0/0,,,Eiendoms- og byfornyelsesetaten,Brenningen,54990.0,
0301-53/310/0/0,,,Eiendoms- og byfornyelsesetaten,,10575.0,
0301-53/311/0/0,,,Eiendoms- og byfornyelsesetaten,,6982.4,
0301-53/323/0/0,,,Eiendoms- og byfornyelsesetaten,,347.5,
0301-53/348/0/0,,,Eiendoms- og byfornyelsesetaten,,142.7,
0301-53/35/0/0,,,Eiendoms- og byfornyelsesetaten,,,
0301-53/372/0/0,,,Eiendoms- og byfornyelsesetaten,"Ikke tinglyst veigrunn, se merknad",186.6,
0301-53/373/0/0,,,Eiendoms- og byfornyelsesetaten,Slettet i grunnboka 1.4.04,2647.4,
0301-53/379/0/0,,,Eiendoms- og byfornyelsesetaten,,7067.2,
0301-53/38/0/0,,,Eiendoms- og byfornyelsesetaten,,252.8,
0301-53/380/0/0,,,Eiendoms- og byfornyelsesetaten,,1374.0,
0301-53/383/0/0,,,Eiendoms- og byfornyelsesetaten,"Ikke tinglyst veigrunn,se merkn.",523.3,
0301-53/385/0/0,,,Eiendoms- og byfornyelsesetaten,"Ikke tinglyst veigrunn, se merknad",2718.0,
0301-53/402/0/0,,,Eiendoms- og byfornyelsesetaten,,1428.1,
0301-53/438/0/0,,,Eiendoms- og byfornyelsesetaten,"Veigr.claus borchsvei,se merkn",339.1,
0301-53/439/0/0,,,Eiendoms- og byfornyelsesetaten,,133.0,
0301-53/467/0/0,,,Eiendoms- og byfornyelsesetaten,Ikke tinglyst veigrunn,9326.4,
0301-53/480/0/0,,,Eiendoms- og byfornyelsesetaten,Ikke tinglyst veigrunn,2578.6,
0301-53/481/0/0,,,Eiendoms- og byfornyelsesetaten,Friareal-lekeplass,1140.5,
0301-53/482/0/0,,,Eiendoms- og byfornyelsesetaten,,1495.8,
0301-53/483/0/0,,,Eiendoms- og byfornyelsesetaten,Ikke tgl.veigr.(av ureg.gr),10847.3,
0301-53/488/0/0,,,Eiendoms- og byfornyelsesetaten,,418.8,
0301-53/54/0/0,,,Eiendoms- og byfornyelsesetaten,,3192.7,
0301-53/6/0/0,,,Eiendoms- og byfornyelsesetaten,,24584.6,
0301-53/7/0/0,,,Eiendoms- og byfornyelsesetaten,,4999.9,
0301-53/74/0/0,,,Eiendoms- og byfornyelsesetaten,,658.8,
0301-53/90/0/0,,,Eiendoms- og byfornyelsesetaten,,1122.7,
0301-533/2/0/0,,,Eiendoms- og byfornyelsesetaten,Underjord.volum- se merkn.,,
0301-54/102/0/0,Vinkelveien 7C,Nordre Aker,Eiendoms- og byfornyelsesetaten,,1887.9,
0301-54/107/0/0,,,Eiendoms- og byfornyelsesetaten,,377.0,
0301-54/166/0/0,,,Eiendoms- og byfornyelsesetaten,,165.5,
0301-54/178/0/0,,,Eiendoms- og byfornyelsesetaten,,398.3,
0301-54/215/0/0,,,Eiendoms- og byfornyelsesetaten,,1391.2,
0301-54/252/0/0,,,Eiendoms- og byfornyelsesetaten,,4874.2,
0301-54/264/0/0,,,Eiendoms- og byfornyelsesetaten,,,
0301-54/265/0/0,,,Eiendoms- og byfornyelsesetaten,,,
0301-54/288/0/0,,,Eiendoms- og byfornyelsesetaten,,963.9,
0301-54/307/0/0,,,Eiendoms- og byfornyelsesetaten,,244.9,
0301-54/310/0/0,,,Eiendoms- og byfornyelsesetaten,,345.1,
0301-54/400/0/0,,,Eiendoms- og byfornyelsesetaten,,27.9,
0301-54/408/0/0,,,Eiendoms- og byfornyelsesetaten,Ikke tinglyst veigrunn,1174.3,
0301-54/418/0/0,,,Eiendoms- og byfornyelsesetaten,Ikke tinglyst veigrunn,1198.8,
0301-54/419/0/0,,,Eiendoms- og byfornyelsesetaten,Ikke tinglyst veigrunn,1309.4,
0301-54/422/0/0,,,Eiendoms- og byfornyelsesetaten,Ikke tinglyst veigrunn,343.4,
0301-54/424/0/0,,,Eiendoms- og byfornyelsesetaten,,448.9,
0301-54/427/0/0,,,Eiendoms- og byfornyelsesetaten,Ikke tinglyst veigrunn,354.3,
0301-54/429/0/0,,,Eiendoms- og byfornyelsesetaten,,2286.2,
0301-54/431/0/0,,,Eiendoms- og byfornyelsesetaten,,443.2,
0301-54/434/0/0,,,Eiendoms- og byfornyelsesetaten,,,
0301-54/435/0/0,,,Eiendoms- og byfornyelsesetaten,,28.8,
0301-54/436/0/0,,,Eiendoms- og byfornyelsesetaten,,1677.6,
0301-54/437/0/0,,,Eiendoms- og byfornyelsesetaten,,720.1,
0301-54/44/0/0,,,Eiendoms- og byfornyelsesetaten,Nb.:flere teiger,3065.0,
0301-54/8/0/0,,,Eiendoms- og byfornyelsesetaten,Flere teiger ca-areal.,69445.20000000001,
0301-54/9/0/0,,,Eiendoms- og byfornyelsesetaten,,252452.6,
0301-55/1/0/0,,,Eiendoms- og byfornyelsesetaten,Lindern skole,1464.4,
0301-55/21/0/0,,,Eiendoms- og byfornyelsesetaten,,1651.9,
0301-55/23/0/0,,,Eiendoms- og byfornyelsesetaten,Ikke tgl.veigr. Av ureg.gr.,1299.1,
0301-56/10/0/0,,,Eiendoms- og byfornyelsesetaten,,63399.6,
0301-56/12/0/0,,,Oslobygg KF,,34.1,
0301-56/13/0/0,,,Eiendoms- og byfornyelsesetaten,,41.4,
0301-56/14/0/0,,,Eiendoms- og byfornyelsesetaten,,255.4,
0301-56/19/0/0,,,Eiendoms- og byfornyelsesetaten,"Ikke tinglyst veigrunn, se merknad",586.8,
0301-56/2/0/0,,,Eiendoms- og byfornyelsesetaten,Nedre Bekkevoll,1815.8,
0301-56/20/0/0,,,Eiendoms- og byfornyelsesetaten,Ikke tinglyst veigrunn,14537.9,
0301-56/23/0/0,,,Eiendoms- og byfornyelsesetaten,Ikke tinglyst veigrunn,12504.7,
0301-56/25/0/0,,,Eiendoms- og byfornyelsesetaten,Ikke tingl.veigr.,6284.5,
0301-56/27/0/0,,,Oslobygg KF,,6884.1,
0301-56/5/0/0,,,Oslobygg KF,Voldsløkka,11424.1,
0301-57/121/0/0,,,Eiendoms- og byfornyelsesetaten,,362.9,
0301-57/126/0/0,,,Eiendoms- og byfornyelsesetaten,,24870.0,
0301-57/163/0/0,,,Boligbygg Oslo KF,,712.5,
0301-57/273/0/0,,,Eiendoms- og byfornyelsesetaten,,2073.7,
0301-57/274/0/0,,,Eiendoms- og byfornyelsesetaten,,10026.3,
0301-57/276/0/0,,,Eiendoms- og byfornyelsesetaten,,819.8,
0301-57/279/0/0,,,Eiendoms- og byfornyelsesetaten,,,
0301-57/281/0/0,,,Eiendoms- og byfornyelsesetaten,,4.5,
0301-57/283/0/0,,,Eiendoms- og byfornyelsesetaten,,938.4,
0301-57/297/0/0,,,Eiendoms- og byfornyelsesetaten,Vann- og fallrettigh. I akerse,,
0301-57/306/0/0,,,Eiendoms- og byfornyelsesetaten,,2101.6,
0301-57/34/0/0,,,Eiendoms- og byfornyelsesetaten,,237.5,
0301-57/350/0/0,,,Eiendoms- og byfornyelsesetaten,,450.5,
0301-57/388/0/0,,,Eiendoms- og byfornyelsesetaten,Ikke tinglyst veigrunn,1374.1,
0301-57/40/0/0,,,Eiendoms- og byfornyelsesetaten,,5487.7,
0301-57/401/0/0,,,Eiendoms- og byfornyelsesetaten,,927.3,
0301-57/403/0/0,,,Eiendoms- og byfornyelsesetaten,Ikke tinglyst veigrunn,1129.0,
0301-57/404/0/0,,,Eiendoms- og byfornyelsesetaten,Av uregistrert grunn,180.3,
0301-57/405/0/0,,,Eiendoms- og byfornyelsesetaten,Ikke tinglyst veigrunn,610.0,
0301-57/422/0/0,,,Eiendoms- og byfornyelsesetaten,,652.4,
0301-57/423/0/0,,,Eiendoms- og byfornyelsesetaten,,635.2,
0301-57/430/0/0,,,Eiendoms- og byfornyelsesetaten,,,
0301-57/435/0/0,,,Eiendoms- og byfornyelsesetaten,,1323.7,
0301-57/440/0/0,,,Eiendoms- og byfornyelsesetaten,,3503.2,
0301-57/45/0/0,,,Eiendoms- og byfornyelsesetaten,,466.5,
0301-58/140/0/0,,,Eiendoms- og byfornyelsesetaten,"Slettet i gr.boka, merkn.",6024.0,
0301-58/141/0/0,,,Eiendoms- og byfornyelsesetaten,,29.4,
0301-58/142/0/0,,,Eiendoms- og byfornyelsesetaten,,12.6,
0301-58/143/0/0,,,Eiendoms- og byfornyelsesetaten,,236.0,
0301-58/144/0/0,,,Eiendoms- og byfornyelsesetaten,,468.3,
0301-58/145/0/0,,,Eiendoms- og byfornyelsesetaten,,20.2,
0301-58/146/0/0,,,Eiendoms- og byfornyelsesetaten,,586.7,
0301-58/147/0/0,,,Eiendoms- og byfornyelsesetaten,,102.9,
0301-58/148/0/0,,,Eiendoms- og byfornyelsesetaten,,187.4,
0301-58/149/0/0,,,Eiendoms- og byfornyelsesetaten,,184.7,
0301-58/150/0/0,,,Eiendoms- og byfornyelsesetaten,,87.8,
0301-58/151/0/0,,,Eiendoms- og byfornyelsesetaten,,144.4,
0301-58/152/0/0,,,Eiendoms- og byfornyelsesetaten,,329.9,
0301-58/153/0/0,,,Eiendoms- og byfornyelsesetaten,,161.3,
0301-58/154/0/0,,,Eiendoms- og byfornyelsesetaten,,108.7,
0301-58/155/0/0,,,Eiendoms- og byfornyelsesetaten,,111.7,
0301-58/156/0/0,,,Eiendoms- og byfornyelsesetaten,,33.0,
0301-58/173/0/0,,,Eiendoms- og byfornyelsesetaten,,,
0301-58/196/0/0,,,Eiendoms- og byfornyelsesetaten,Vann-og fallrettigh.i akerselv,,
0301-58/197/0/0,,,Eiendoms- og byfornyelsesetaten,Vann-og fallrettigh. I akersel,,
0301-58/200/0/0,,,Eiendoms- og byfornyelsesetaten,Cirka-areal.,65717.4,
0301-58/219/0/0,,,Eiendoms- og byfornyelsesetaten,,1058.2,
0301-58/23/0/0,,,Eiendoms- og byfornyelsesetaten,,855.7,
0301-58/288/0/0,,,Eiendoms- og byfornyelsesetaten,Ikke tinglyst veigrunn,5155.8,
0301-58/301/0/0,,,Eiendoms- og byfornyelsesetaten,Ikke tinglyst veigrunn,52.5,
0301-58/309/0/0,,,Eiendoms- og byfornyelsesetaten,Ikke tinglyst veigrunn-av ureg.gr.,2226.1,
0301-58/311/0/0,,,Eiendoms- og byfornyelsesetaten,Ikke tinglyst veigrunn,121.0,
0301-58/98/0/0,,,Eiendoms- og byfornyelsesetaten,,5095.0,
0301-59/1/0/0,,,Eiendoms- og byfornyelsesetaten,Brekke,9067.5,
0301-59/227/0/0,,,Eiendoms- og byfornyelsesetaten,,2236.0,
0301-59/239/0/0,,,Eiendoms- og byfornyelsesetaten,,,
0301-59/311/0/0,,,Eiendoms- og byfornyelsesetaten,Vann-og fallrettigheter-akerse,1459.5,
0301-59/396/0/0,,,Eiendoms- og byfornyelsesetaten,,67893.7,
0301-59/398/0/0,,,Eiendoms- og byfornyelsesetaten,,17405.0,
0301-59/415/0/0,,,Eiendoms- og byfornyelsesetaten,St.p.29-46 (2002-874),12957.1,
0301-59/496/0/0,,,Eiendoms- og byfornyelsesetaten,,4271.2,
0301-59/500/0/0,,,Eiendoms- og byfornyelsesetaten,,50599.2,
0301-59/509/0/0,,,Eiendoms- og byfornyelsesetaten,,1299.0,
0301-59/66/0/0,,,Eiendoms- og byfornyelsesetaten,,,
0301-59/700/0/0,,,Eiendoms- og byfornyelsesetaten,Felles avkjørsel,180.6,
0301-59/709/0/0,,,Eiendoms- og byfornyelsesetaten,Ikke tinglyst veigrunn,486.3,
0301-59/710/0/0,,,Eiendoms- og byfornyelsesetaten,Ikke tinglyst veigrunn,14003.4,
0301-59/711/0/0,,,Eiendoms- og byfornyelsesetaten,Ikke tinglyst veigrunn,910.3,
0301-59/712/0/0,,,Eiendoms- og byfornyelsesetaten,Ikke tinglyst veigrunn,644.6,
0301-59/723/0/0,,,Eiendoms- og byfornyelsesetaten,,3127.9,
0301-59/724/0/0,,,Eiendoms- og byfornyelsesetaten,Ikke tinglyst veigrunn,1341.2,
0301-59/725/0/0,,,Eiendoms- og byfornyelsesetaten,Ikke tinglyst veigrunn,263.3,
0301-59/730/0/0,,,Eiendoms- og byfornyelsesetaten,Ikke tinglyst veigrunn,105.4,
0301-59/737/0/0,,,Eiendoms- og byfornyelsesetaten,,,
0301-6/188/0/0,Drammensveien 198,Ullern,Eiendoms- og byfornyelsesetaten,,1727.7,
0301-6/2/0/0,,,Eiendoms- og byfornyelsesetaten,Vennersborg,2.2,
0301-6/57/0/0,,,Eiendoms- og byfornyelsesetaten,"Ikke tinglyst veigrunn, se merknad",734.5,
0301-6/595/0/0,,,Eiendoms- og byfornyelsesetaten,Veigrunn,4512.3,
0301-6/692/0/0,,,Eiendoms- og byfornyelsesetaten,,575.9,
0301-6/703/0/0,,,Eiendoms- og byfornyelsesetaten,Ikke tinglyst veigrunn,23193.0,
0301-6/704/0/0,,,Eiendoms- og byfornyelsesetaten,,682.6,
0301-6/705/0/0,,,Eiendoms- og byfornyelsesetaten,,2363.9,
0301-6/708/0/0,,,Eiendoms- og byfornyelsesetaten,,1988.9,
0301-60/2/0/0,,,Eiendoms- og byfornyelsesetaten,Taraldsrud,2827665.8,
0301-60/3/0/0,,,Eiendoms- og byfornyelsesetaten,Helgerud,1236.4,
0301-60/4/0/0,,,Eiendoms- og byfornyelsesetaten,Låkeberget,8894.8,
0301-62/8/0/0,,,Eiendoms- og byfornyelsesetaten,Maridalen skole.,67178.1,
0301-64/18/0/0,,,Eiendoms- og byfornyelsesetaten,,1902.5,
0301-64/5/0/0,,,Eiendoms- og byfornyelsesetaten,Dusgård,8765.0,
0301-64/7/0/0,,,Eiendoms- og byfornyelsesetaten,,188422.0,
0301-64/9/0/0,,,Eiendoms- og byfornyelsesetaten,Vann-og fallrettigheter,,
0301-65/20/0/0,,,Eiendoms- og byfornyelsesetaten,,,
0301-65/4/0/0,,,Eiendoms- og byfornyelsesetaten,,1906.8,
0301-65/9/0/0,,,Eiendoms- og byfornyelsesetaten,,3360.7,
0301-66/13/0/0,,,Eiendoms- og byfornyelsesetaten,,2115561.4,
0301-66/14/0/0,,,Eiendoms- og byfornyelsesetaten,,2115561.4,
0301-66/15/0/0,,,Eiendoms- og byfornyelsesetaten,Vannrett til skarselven,,
0301-66/16/0/0,,,Eiendoms- og byfornyelsesetaten,Fagerheim,5740.8,
0301-66/18/0/0,,,Eiendoms- og byfornyelsesetaten,Veigrunn,7915.9,
0301-66/19/0/0,,,Eiendoms- og byfornyelsesetaten,,7915.9,
0301-66/22/0/0,,,Eiendoms- og byfornyelsesetaten,Vann-og fallrettighet-skarselv,,
0301-66/24/0/0,,,Eiendoms- og byfornyelsesetaten,,2693.8,
0301-66/26/0/0,,,Eiendoms- og byfornyelsesetaten,,1934101.9,
0301-66/27/0/0,,,Eiendoms- og byfornyelsesetaten,Vestli,335.8,
0301-66/3/0/0,Maridalsveien 580,Marka,Eiendoms- og byfornyelsesetaten,Halset,87704.4,
0301-66/59/0/0,,,Eiendoms- og byfornyelsesetaten,,173387.8,
0301-66/8/0/0,,,Eiendoms- og byfornyelsesetaten,,7440.7,
0301-67/10/0/0,,,Eiendoms- og byfornyelsesetaten,,11919.8,
0301-67/12/0/0,,,Eiendoms- og byfornyelsesetaten,,17208.8,
0301-67/23/0/0,,,Eiendoms- og byfornyelsesetaten,Blankvannsbråten,44125.0,
0301-69/10/0/0,,,Eiendoms- og byfornyelsesetaten,Vittingbergkollen,420700.4,
0301-69/12/0/0,,,Eiendoms- og byfornyelsesetaten,Lurhullet,14524.4,
0301-69/148/0/0,,,Eiendoms- og byfornyelsesetaten,,1521.7,
0301-69/15/0/0,,,Eiendoms- og byfornyelsesetaten,Vaggestein,,
0301-69/163/0/0,,,Eiendoms- og byfornyelsesetaten,"Brænna skog, vaggesteinsåsen.",201668.4,
0301-69/18/0/0,,,Eiendoms- og byfornyelsesetaten,Hallvorsrud.,,
0301-69/19/0/0,,,Eiendoms- og byfornyelsesetaten,,8318.8,
0301-69/20/0/0,,,Eiendoms- og byfornyelsesetaten,Damstokløkken,,
0301-69/22/0/0,,,Eiendoms- og byfornyelsesetaten,Kollen,2005799.1,
0301-69/23/0/0,,,Eiendoms- og byfornyelsesetaten,Kollene,2005799.1,
0301-69/25/0/0,,,Eiendoms- og byfornyelsesetaten,Ikke målt,2005799.1,
0301-69/30/0/0,,,Eiendoms- og byfornyelsesetaten,"Pars.69,70",1853.2,
0301-69/38/0/0,,,Eiendoms- og byfornyelsesetaten,Ikke målt,,
0301-69/39/0/0,,,Eiendoms- og byfornyelsesetaten,Vannrett til bnr. 15,,
0301-69/40/0/0,,,Eiendoms- og byfornyelsesetaten,Vannrett,,
0301-69/41/0/0,,,Eiendoms- og byfornyelsesetaten,Vannrett,,
0301-69/42/0/0,,,Eiendoms- og byfornyelsesetaten,Vannrett,,
0301-69/43/0/0,,,Eiendoms- og byfornyelsesetaten,,,
0301-69/5/0/0,,,Eiendoms- og byfornyelsesetaten,Vaggestein skog,407003.6,
0301-69/7/0/0,,,Eiendoms- og byfornyelsesetaten,,1455718.5,
0301-69/70/0/0,,,Eiendoms- og byfornyelsesetaten,,8553.4,
0301-7/111/0/0,,,Eiendoms- og byfornyelsesetaten,"Veigrunn, kun registrert i GAB",87.6,
0301-7/75/0/0,,,Eiendoms- og byfornyelsesetaten,Lekeplass,1250.7,
0301-70/3/0/0,,,Eiendoms- og byfornyelsesetaten,Nes,,
0301-70/4/0/0,,,Eiendoms- og byfornyelsesetaten,Nes,,
0301-70/6/0/0,,,Eiendoms- og byfornyelsesetaten,,,
0301-72/182/0/0,,,Eiendoms- og byfornyelsesetaten,Vann-og fallrettigheter-akerse,,
0301-72/25/0/0,,,Eiendoms- og byfornyelsesetaten,,,
0301-72/26/0/0,,,Eiendoms- og byfornyelsesetaten,,,
0301-72/27/0/0,,,Eiendoms- og byfornyelsesetaten,,,
0301-73/313/0/0,,,Eiendoms- og byfornyelsesetaten,,,
0301-73/638/0/0,,,Eiendoms- og byfornyelsesetaten,,,
0301-73/719/0/0,,,Eiendoms- og byfornyelsesetaten,Vann-og fallrettigheter,,
0301-74/8/0/0,,,Eiendoms- og byfornyelsesetaten,Vann- og fallrettighet,,
0301-75/1470/0/0,,,Eiendoms- og byfornyelsesetaten,,,
0301-75/1471/0/0,,,Eiendoms- og byfornyelsesetaten,,,
0301-75/1474/0/0,,,Eiendoms- og byfornyelsesetaten,,,
0301-75/1475/0/0,,,Eiendoms- og byfornyelsesetaten,,,
0301-77/153/0/0,,,Eiendoms- og byfornyelsesetaten,Vann- og fallrettighet,,
0301-77/154/0/0,,,Eiendoms- og byfornyelsesetaten,Vann- og fallrettighet,,
0301-77/155/0/0,,,Eiendoms- og byfornyelsesetaten,Vann - og fallrettighet,,
0301-77/156/0/0,,,Eiendoms- og byfornyelsesetaten,Vann- og fallrettighet,,
0301-77/157/0/0,,,Eiendoms- og byfornyelsesetaten,Vann- og fallrettighet,,
0301-79/25/0/0,,,Eiendoms- og byfornyelsesetaten,,,
0301-79/58/0/0,,,Eiendoms- og byfornyelsesetaten,,,
0301-79/74/0/0,,,Eiendoms- og byfornyelsesetaten,,,
0301-86/50/0/0,,,Eiendoms- og byfornyelsesetaten,,,
0301-86/513/0/0,,,Eiendoms- og byfornyelsesetaten,Veigrunn,,
0301-86/515/0/0,,,Eiendoms- og byfornyelsesetaten,,,
0301-88/209/0/0,,,Eiendoms- og byfornyelsesetaten,,,
0301-88/210/0/0,,,Eiendoms- og byfornyelsesetaten,,,
0301-88/211/0/0,,,Eiendoms- og byfornyelsesetaten,,,
0301-9/163/0/0,,,Eiendoms- og byfornyelsesetaten,,,
0301-9/173/0/0,,,Eiendoms- og byfornyelsesetaten,,4377.6,
0301-9/303/0/0,,,Eiendoms- og byfornyelsesetaten,Friområde,3198.7,
0301-9/425/0/0,,,Eiendoms- og byfornyelsesetaten,Lekeplass,1210.5,
0301-9/466/0/0,,,Eiendoms- og byfornyelsesetaten,Riksveigrunn,2194.8,
0301-9/510/0/0,,,Eiendoms- og byfornyelsesetaten,Ikke tinglyst veigrunn,9908.4,
0301-9/533/0/0,,,Eiendoms- og byfornyelsesetaten,Ikke tinglyst veigrunn,368.8,
0301-9/564/0/0,,,Eiendoms- og byfornyelsesetaten,Ikke tinglyst veigrunn,960.0,
0301-9/567/0/0,,,Eiendoms- og byfornyelsesetaten,,617.7,
0301-93/10/0/0,,,Eiendoms- og byfornyelsesetaten,Ikke målt. Se merkn.,6892.5,
0301-93/11/0/0,,,Eiendoms- og byfornyelsesetaten,"Ikke målt, se merkn.",7017.0,
0301-93/132/0/0,,,Eiendoms- og byfornyelsesetaten,"Ikke målt, se merkn.",7017.0,
0301-93/158/0/0,,,Eiendoms- og byfornyelsesetaten,,,
0301-93/205/0/0,,,Eiendoms- og byfornyelsesetaten,,,
0301-93/217/0/0,,,Eiendoms- og byfornyelsesetaten,,,
0301-93/218/0/0,,,Eiendoms- og byfornyelsesetaten,,,
0301-93/351/0/0,,,Eiendoms- og byfornyelsesetaten,,,
0301-93/5/0/0,,,Eiendoms- og byfornyelsesetaten,Buskerud,,
0301-93/603/0/0,,,Eiendoms- og byfornyelsesetaten,Ikke tinglyst veigrunn,,
0301-93/9/0/0,,,Eiendoms- og byfornyelsesetaten,Ikke målt. Se merkn.,6892.5,
0301-94/531/0/0,,,Eiendoms- og byfornyelsesetaten,,,
0301-94/81/0/0,,,Eiendoms- og byfornyelsesetaten,,,
0301-95/16/0/0,,,Eiendoms- og byfornyelsesetaten,Ikke målt,,
0301-95/18/0/0,,,Eiendoms- og byfornyelsesetaten,Ikke målt,2371455.8,
0301-96/180/0/0,,,Eiendoms- og byfornyelsesetaten,Ikke tinglyst veigrunn,,
0301-98/12/0/0,,,Eiendoms- og byfornyelsesetaten,,,
0301-98/13/0/0,,,Eiendoms- og byfornyelsesetaten,,,
0301-98/14/0/0,,,Eiendoms- og byfornyelsesetaten,,,
0301-98/19/0/0,,,Eiendoms- og byfornyelsesetaten,,,
0301-99/450/0/0,,,Eiendoms- og byfornyelsesetaten,,,
0301-999/11/0/0,,,Eiendoms- og byfornyelsesetaten,Uregistrert grunn,,
0301-999/134/0/0,,,Eiendoms- og byfornyelsesetaten,Uregistrert grunn,,
3203-88/2/0/0,,,Eiendoms- og byfornyelsesetaten,,,Asker
3203-89/4/0/0,,,Eiendoms- og byfornyelsesetaten,,,Asker
3220-108/3/0/0,,,Eiendoms- og byfornyelsesetaten,,,Enebakk
3220-126/114/0/0,,,Eiendoms- og byfornyelsesetaten,,,Enebakk
3220-126/118/0/0,,,Eiendoms- og byfornyelsesetaten,,,Enebakk
3220-126/22/0/0,,,Eiendoms- og byfornyelsesetaten,,,Enebakk
3220-126/27/0/0,,,Eiendoms- og byfornyelsesetaten,,,Enebakk
3220-126/29/0/0,,,Eiendoms- og byfornyelsesetaten,,,Enebakk
3220-126/35/0/0,,,Eiendoms- og byfornyelsesetaten,,,Enebakk
3220-126/37/0/0,,,Eiendoms- og byfornyelsesetaten,,,Enebakk
3220-126/39/0/0,,,Eiendoms- og byfornyelsesetaten,,,Enebakk
3220-126/40/0/0,,,Eiendoms- og byfornyelsesetaten,,,Enebakk
3220-126/41/0/0,,,Eiendoms- og byfornyelsesetaten,,,Enebakk
3220-126/42/0/0,,,Eiendoms- og byfornyelsesetaten,,,Enebakk
3220-126/44/0/0,,,Eiendoms- og byfornyelsesetaten,,,Enebakk
3220-126/45/0/0,,,Eiendoms- og byfornyelsesetaten,,,Enebakk
3220-126/48/0/0,,,Eiendoms- og byfornyelsesetaten,,,Enebakk
3220-126/52/0/0,,,Eiendoms- og byfornyelsesetaten,,,Enebakk
3220-126/58/0/0,,,Eiendoms- og byfornyelsesetaten,,,Enebakk
3220-126/59/0/0,,,Eiendoms- og byfornyelsesetaten,,,Enebakk
3220-126/62/0/0,,,Eiendoms- og byfornyelsesetaten,,,Enebakk
3220-126/64/0/0,,,Eiendoms- og byfornyelsesetaten,,,Enebakk
3220-126/72/0/0,,,Eiendoms- og byfornyelsesetaten,,,Enebakk
3220-126/90/0/0,,,Eiendoms- og byfornyelsesetaten,,,Enebakk
3214-76/4/0/0,,,Eiendoms- og byfornyelsesetaten,,,Frogn
3214-76/5/0/0,,,Eiendoms- og byfornyelsesetaten,,,Frogn
3214-76/6/0/0,,,Eiendoms- og byfornyelsesetaten,,,Frogn
3214-76/7/0/0,,,Eiendoms- og byfornyelsesetaten,,,Frogn
3232-13/16/0/0,,,Eiendoms- og byfornyelsesetaten,,,Nittedal
3232-14/48/0/0,,,Eiendoms- og byfornyelsesetaten,,,Nittedal
3232-14/49/0/0,,,Eiendoms- og byfornyelsesetaten,,,Nittedal
3232-14/50/0/0,,,Eiendoms- og byfornyelsesetaten,,,Nittedal
3232-14/51/0/0,,,Eiendoms- og byfornyelsesetaten,,,Nittedal
3232-14/52/0/0,,,Eiendoms- og byfornyelsesetaten,,,Nittedal
3232-14/53/0/0,,,Eiendoms- og byfornyelsesetaten,,,Nittedal
3232-14/54/0/0,,,Eiendoms- og byfornyelsesetaten,,,Nittedal
3232-26/21/0/0,,,Eiendoms- og byfornyelsesetaten,,,Nittedal
3232-7/12/0/0,,,Eiendoms- og byfornyelsesetaten,,,Nittedal
3207-103/6/0/0,,,Eiendoms- og byfornyelsesetaten,,,Nordre Follo
3207-103/5/0/0,,,Eiendoms- og byfornyelsesetaten,,,Nordre Follo
3207-103/7/0/0,,,Eiendoms- og byfornyelsesetaten,,,Nordre Follo
3205-295/7/0/0,,,Eiendoms- og byfornyelsesetaten,,,Lillestrøm
3205-295/9/0/0,,,Eiendoms- og byfornyelsesetaten,,,Lillestrøm
3305-1/57/0/0,,,Eiendoms- og byfornyelsesetaten,,,Ringerike
3305-1/58/0/0,,,Eiendoms- og byfornyelsesetaten,,,Ringerike
3305-1/59/0/0,,,Eiendoms- og byfornyelsesetaten,,,Ringerike
3305-18/38/0/0,,,Eiendoms- og byfornyelsesetaten,,,Ringerike
3305-126/7/0/0,,,Eiendoms- og byfornyelsesetaten,,,Ringerike
3305-137/10/0/0,,,Eiendoms- og byfornyelsesetaten,,,Ringerike
3310-180/21/0/0,,,Eiendoms- og byfornyelsesetaten,,,Hole
